seq_index	nt_sequence	aa_sequence	v_gene_choice	j_gene_choice	d_gene_choice
0	GAGACTGGAGTCACCCAAAGTCCCACACACCTGATCAAAACGAGAGGACAGCAAGTGACTCTGAGATGCTCTTCTCAGTCTGGGCACAACACTGTGTCCTGGTACCAACAGGCCCTGGGTCAGGGGCCCCAGTTTATCTTTCAGTATTATAGGGAGGAAGAGAATGGCAGAGGAAACTTCCCTCCTAGATTCTCAGGTCTCCAGTTCCCTAATTATAACTCTGAGCTGAATGTGAACGCCTTGGAGCTGGACGACTCGGCCCTGTATCTCTGTGCCAGCAGCTGTTGGGATGGAAACACCATATATTTTGGAGAGGGAAGTTGGCTCACTGTTGTAG	ETGVTQSPTHLIKTRGQQVTLRCSSQSGHNTVSWYQQALGQGPQFIFQYYREEENGRGNFPPRFSGLQFPNYNSELNVNALELDDSALYLCASSCWDGNTIYFGEGSWLTVV	TRBV5-4*02	TRBJ1-3*01	TRBD1*01
1	GAAGCTGGAGTTACTCAGTTCCCCAGCCACAGCGTAATAGAGAAGGGCCAGACTGTGACTCTGAGATGTGACCCAATTTCTGGACATGATAATCTTTATTGGTATCGACGTGTTATGGGAAAAGAAATAAAATTTCTGTTACATTTTGTGAAAGAGTCTAAACAGGATGAGTCCGGTATGCCCAACAATCGATTCTTAGCTGAAAGGACTGGAGGGACGTATTCTACTCTGAAGGTGCAGCCTGCAGAACTGGAGGATTCTGGAGTTTATTTCTGTGCCAGCAGCCATCTCGCGGGGGAAAGCAGTTCTTCGGGCCAGGGACACGGCTCACCGTGCTAG	EAGVTQFPSHSVIEKGQTVTLRCDPISGHDNLYWYRRVMGKEIKFLLHFVKESKQDESGMPNNRFLAERTGGTYSTLKVQPAELEDSGVYFCASSHLAGESSSSGQGHGSPC*	TRBV14*01	TRBJ2-1*01	TRBD2*01
2	CATGCCAAAGTCACACAGACTCCAGGACATTTGGTCAAAGGAAAAGGACAGAAAACAAAGATGGATTGTACCCCCGAAAAAGGACATACTTTTGTTTATTGGTATCAACAGAATCAGAATAAAGAGTTTATGCTTTTGATTTCCTTTCAGAATGAACAAGTTCTTCAAGAAACGGAGATGCACAAGAAGCGATTCTCATCTCAATGCCCCAAGAACGCACCCTGCAGCCTGGCAATCCTGTCCTCAGAACCGGGAGACACGGCACTGTATCTCTGCGCCAGCAGTCGAGCGTGAAGGGGACAGTTCATCGACAATGAGCAGTTCTTCGGGCCAGGGACACGGCTCACCGTGCTAG	HAKVTQTPGHLVKGKGQKTKMDCTPEKGHTFVYWYQQNQNKEFMLLISFQNEQVLQETEMHKKRFSSQCPKNAPCSLAILSSEPGDTALYLCASSRA*RGQFIDNEQFFGPGTRLTVL	TRBV23-1*01	TRBJ2-1*01	TRBD1*01
3	AAGGCTGGAGTCACTCAAACTCCAAGATATCTGATCAAAACGAGAGGACAGCAAGTGACACTGAGCTGCTCCCCTATCTCTGGGCATAGGAGTGTATCCTGGTACCAACAGACCCCAGGACAGGGCCTTCAGTTCCTCTTTGAATACTTCAGTGAGACACAGAGAAACAAAGGAAACTTCCCTGGTCGATTCTCAGGGCGCCAGTTCTCTAACTCTCGCTCTGAGATGAATGTGAGCACCTTGGAGCTGGGGGACTCGGCCCTTTATCTTTGCGCCAGCAGCTTGAATTTAGACAGGGGCGAGACCCAGTACTTCGGGCCAGGCACGCGGCTCCTGGTGCTCG	KAGVTQTPRYLIKTRGQQVTLSCSPISGHRSVSWYQQTPGQGLQFLFEYFSETQRNKGNFPGRFSGRQFSNSRSEMNVSTLELGDSALYLCASSLNLDRGETQYFGPGTRLLVL	TRBV5-1*01	TRBJ2-5*01	TRBD1*01
4	GGTGCTGGAGTCTCCCAGACCCCCAGTAACAAGGTCACAGAGAAGGGAAAATATGTAGAGCTCAGGTGTGATCCAATTTCAGGTCATACTGCCCTTTACTGGTACCGACAAAGCCTGGGGCAGGGCCCAGAGTTTCTAATTTACTTCCAAGGCACGGGTGCGGCAGATGACTCAGGGCTGCCCAACGATCGGTTCTTTGCAGTCAGGCCTGAGGGATCCGTCTCTACTCTGAAGATCCAGCGCACAGAGCGGGGGGACTCAGCCGTGTATCTCTGTGCCAGCAGCTTAACGTTAAACAGGGGAGCGTGGCTACACCTTCGGTTCGGGGACCAGGTTAACCGTTGTAG	GAGVSQTPSNKVTEKGKYVELRCDPISGHTALYWYRQSLGQGPEFLIYFQGTGAADDSGLPNDRFFAVRPEGSVSTLKIQRTERGDSAVYLCASSLTLNRGAWLHLRFGDQVNRC	TRBV7-3*01	TRBJ1-2*01	TRBD1*01
5	GATGCTGAAATCACCCAGAGCCCAAGACACAAGATCACAGAGACAGGAAGGCAGGTGACCTTGGCGTGTCACCAGACTTGGAACCACAACAATATGTTCTGGTATCGACAAGACCTGGGACATGGGCTGAGGCTGATCCATTACTCATATGGTGTTCAAGACACTAACAAAGGAGAAGTCTCAGATGGCTACAGTGTCTCTAGATCAAACACAGAGGACCTCCCCCTCACTCTGGAGTCTGCTGCCTCCTCCCAGACATCTGTATATTTCTGCGCCAGCAGGGTTCGGGCGAAAACATTCAGTACTTCGGCGCCGGGACCCGGCTCTCAGTGCTGG	DAEITQSPRHKITETGRQVTLACHQTWNHNNMFWYRQDLGHGLRLIHYSYGVQDTNKGEVSDGYSVSRSNTEDLPLTLESAASSQTSVYFCASRVRAKTFSTSAPGPGSQCW	TRBV10-1*01	TRBJ2-4*01	TRBD1*01
6	GGAGCTGGAGTCTCCCAGTCCCCCAGTAACAAGGTCACAGAGAAGGGAAAGGATGTAGAGCTCAGGTGTGATCCAATTTCAGGTCATACTGCCCTTTACTGGTACCGACAGAGCCTGGGGCAGGGCCTGGAGTTTTTAATTTACTTCCAAGGCAACAGTGCACCAGACAAATCAGGGCTGCCCAGTGATCGCTTCTCTGCAGAGAGGACTGGGGGATCCGTCTCCACTCTGACGATCCAGCGCACACAGCAGGAGGACTCGGCCGTGTATCTCTGTGCCAGCAGCTTATAAGGGCTGGCTACACCTTCGGTTCGGGGACCAGGTTAACCGTTGTAG	GAGVSQSPSNKVTEKGKDVELRCDPISGHTALYWYRQSLGQGLEFLIYFQGNSAPDKSGLPSDRFSAERTGGSVSTLTIQRTQQEDSAVYLCASSL*GLATPSVRGPG*PL*	TRBV7-2*01	TRBJ1-2*01	TRBD1*01
7	AAGGCTGGAGTCACTCAAACTCCAAGATATCTGATCAAAACGAGAGGACAGCAAGTGACACTGAGCTGCTCCCCTATCTCTGGGCATAGGAGTGTATCCTGGTACCAACAGACCCCAGGACAGGGCCTTCAGTTCCTCTTTGAATACTTCAGTGAGACACAGAGAAACAAAGGAAACTTCCCTGGTCGATTCTCAGGGCGCCAGTTCTCTAACTCTCGCTCTGAGATGAATGTGAGCACCTTGGAGCTGGGGGACTCGGCCCTTTATCTTTGCGCCAGCAGCCTCCAAGGGACAGACAATAGCAATCAGCCCCAGCATTTTGGTGATGGGACTCGACTCTCCATCCTAG	KAGVTQTPRYLIKTRGQQVTLSCSPISGHRSVSWYQQTPGQGLQFLFEYFSETQRNKGNFPGRFSGRQFSNSRSEMNVSTLELGDSALYLCASSLQGTDNSNQPQHFGDGTRLSIL	TRBV5-1*01	TRBJ1-5*01	TRBD1*01
8	GATGCTGATGTTACCCAGACCCCAAGGAATAGGATCACAAAGACAGGAAAGAGGATTATGCTGGAATGTTCTCAGACTAAGGGTCATGATAGAATGTACTGGTATCGACAAGACCCAGGACTGGGCCTACGGTTGATCTATTACTCCTTTGATGTCAAAGATATAAACAAAGGAGAGATCTCTGATGGATACAGTGTCTCTCGACAGGCACAGGCTAAATTCTCCCTGTCCCTAGAGTCTGCCATCCCCAACCAGACAGCTCTTTACTTCTGTGCCACCAGTGACTGCCGGGGCTATGAGAGCAGTACGTCGGGCCGGGCACCAGGCTCACGGTCACAG	DADVTQTPRNRITKTGKRIMLECSQTKGHDRMYWYRQDPGLGLRLIYYSFDVKDINKGEISDGYSVSRQAQAKFSLSLESAIPNQTALYFCATSDCRGYESSTSGRAPGSRSQ	TRBV24-1*01	TRBJ2-7*02	TRBD2*01
9	GATTCTGGAGTCACACAAACCCCAAAGCACCTGATCACAGCAACTGGACAGCGAGTGACGCTGAGATGCTCCCCTAGGTCTGGAGACCTCTCTGTGTACTGGTACCAACAGAGCCTGGACCAGGGCCTCCAGTTCCTCATTCAGTATTATAATGGAGAAGAGAGAGCAAAAGGAAACATTCTTGAACGATTCTCCGCACAACAGTTCCCTGACTTGCACTCTGAACTAAACCTGAGCTCTCTGGAGCTGGGGGACTCAGCTTTGTATTTCTGTGCCAGCAGCGTAGCTACCGACATAATGACTAGCTTCGGGGAGCTGTTTTTTGGAGAAGGCTCTAGGCTGACCGTACTGG	DSGVTQTPKHLITATGQRVTLRCSPRSGDLSVYWYQQSLDQGLQFLIQYYNGEERAKGNILERFSAQQFPDLHSELNLSSLELGDSALYFCASSVATDIMTSFGELFFGEGSRLTVL	TRBV9*01	TRBJ2-2*01	TRBD2*01
10	GGTGCTGTCGTCTCTCAACATCCGAGCTGGGTTATCTGTAAGAGTGGAACCTCTGTGAAGATCGAGTGCCGTTCCCTGGACTTTCAGGCCACAACTATGTTTTGGTATCGTCAGTTCCCGAAACAGAGTCTCATGCTGATGGCAACTTCCAATGAGGGCTCCAAGGCCACATACGAGCAAGGCGTCGAGAAGGACAAGTTTCTCATCAACCATGCAAGCCTGACCTTGTCCACTCTGACAGTGACCAGTGCCCATCCTGAAGACAGCAGCTTCTACATCTGCAGTGCGTGAACCTACGAGCAGTACGTCGGGCCGGGCACCAGGCTCACGGTCACAG	GAVVSQHPSWVICKSGTSVKIECRSLDFQATTMFWYRQFPKQSLMLMATSNEGSKATYEQGVEKDKFLINHASLTLSTLTVTSAHPEDSSFYICSA*TYEQYVGPGTRLTVT	TRBV20-1*01	TRBJ2-7*02	TRBD2*02
11	GACACAGCCGTTTCCCAGACTCCAAAATACCTGGTCACACAGATGGGAAAAAAGGAGTCTCTTAAATGAGAACAAAATCTGGGCCATAATGCTATGTATTGGTATAAACAGGACTCTAAGAAATTTCTGAAGACAATGTTTATCTACAGTAACAAGGAGCCAATTTTAAATGAAACAGTTCCAAATCGCTTCTCACCTGACTCTCCAGACAAAGTTCATTTAAATCTTCACATCAATTCCCTGGAGCTTGGTGACTCTGCTGTGTATTTCTGTGCCAGCAGCCAAGGGAGGACTCTAGAAAAACTGTTTTTTGGCAGTGGAACCCAGCTCTCTGTCTTGG	DTAVSQTPKYLVTQMGKKESLK*EQNLGHNAMYWYKQDSKKFLKTMFIYSNKEPILNETVPNRFSPDSPDKVHLNLHINSLELGDSAVYFCASSQGRTLEKLFFGSGTQLSVL	TRBV3-2*02	TRBJ1-4*01	TRBD1*01
12	GGAGCTGGAGTCTCCCAGTCCCCCAGTAACAAGGTCACAGAGAAGGGAAAGGATGTAGAGCTCAGGTGTGATCCAATTTCAGGTCATACTGCCCTTTACTGGTACCGACAGAGGCTGGGGCAGGGCCTGGAGTTTTTAATTTACTTCCAAGGCAACAGTGCACCAGACAAATCAGGGCTGCCCAGTGATCGCTTCTCTGCAGAGAGGACTGGGGAATCCGTCTCCACTCTGACGATCCAGCGCACATAGCAGGAGGACTCGGCCGTGTATCTCTGTGCCAGCAGCATCCGGGACAGGCTGAACACCGGGGAGCTGTTTTTTGGAGAAGGCTCTAGGCTGACCGTACTGG	GAGVSQSPSNKVTEKGKDVELRCDPISGHTALYWYRQRLGQGLEFLIYFQGNSAPDKSGLPSDRFSAERTGESVSTLTIQRT*QEDSAVYLCASSIRDRLNTGELFFGEGSRLTVL	TRBV7-2*05	TRBJ2-2*01	TRBD1*01
13	AATGCTGGTGTCACTCAGACCCCAAAATTCCAGGTCCTGAAGACAGGACAGAGCATGACACTGCAGTGTGCCCAGGATATGAACCATAACTCCATGTACTGGTATCGACAAGACCCAGGCATGGGACTGAGGCTGATTTATTACTCAGCTTCTGAGGGTACCACTGACAAAGGAGAAGTCCCCAATGGCTACAATGTCTCCAGATTAAACAAACGGGAGTTCTCGCTCAGGCTGGAGTCGGCTGCTCCCTCCCAGACATCTGTGTACTTCTGTGCCAGCAGTGAATTCCAAATGGGAGGGGGCCCCTCTGGGGCCAACGTCCTGACTTTCGGGGCCGGCAGCAGGCTGACCGTGCTGG	NAGVTQTPKFQVLKTGQSMTLQCAQDMNHNSMYWYRQDPGMGLRLIYYSASEGTTDKGEVPNGYNVSRLNKREFSLRLESAAPSQTSVYFCASSEFQMGGGPSGANVLTFGAGSRLTVL	TRBV6-1*01	TRBJ2-6*01	TRBD2*02
14	ACGGGAGTTACGCAGACACCAAGACACCTGGTCATGGGAATGACAAATAAGAAGTCTTTGAAATGTGAACAACATCTGGGGCATAACGCTATGTATTGGTACAAGCAAAGTGCTAAGAAGCCACTGGAGCTCATGTTTGTCTACAACTTTAAAGAACAGACTGAAAACAACAGTGTGCCAAGTCGCTTCTCACCTGAATGCCCCAACAGCTCTCACTTATTCCTTCACCTACACACCCTGCAGCCAGAAGACTCGGCCCTGTATCTCTGTGCCAGCAGCCAAGTCGAGGAGAGTGGACATTGATACAATGAGCAGTTCTTCGGGCCAGGGACACGGCTCACCGTGCTAG	TGVTQTPRHLVMGMTNKKSLKCEQHLGHNAMYWYKQSAKKPLELMFVYNFKEQTENNSVPSRFSPECPNSSHLFLHLHTLQPEDSALYLCASSQVEESGH*YNEQFFGPGTRLTVL	TRBV4-2*01	TRBJ2-1*01	TRBD1*01
15	ATTGCTGGGATCACCCAGGCACCAACATCTCAGATCCTGGCAGCAGGACGGCGCATGACACTGAGATGTACCCAGGATATGAGACATAATGCCATGTACTGGTATAGACAAGATCTAGGACTGGGGCTAAGGCTCATCCATTATTCAAATACTGCAGGTACCACTGGCAAAGGAGAAGTCCCTGATGGTTATAGTGTCTCCAGAGCAAACACAGATGATTTCCCCCTCACGTTGGCGTCTGCTGTACCCTCTCAGACATCTGTGTACTTCTGTGCCAATTCCGCGTGACTAGCGGGGGTCGAAGAGACCCAGTACTTCGGGCCAGGCACGCGGCTCCTGGTGCTCG	IAGITQAPTSQILAAGRRMTLRCTQDMRHNAMYWYRQDLGLGLRLIHYSNTAGTTGKGEVPDGYSVSRANTDDFPLTLASAVPSQTSVYFCANSA*LAGVEETQYFGPGTRLLVL	TRBV6-4*01	TRBJ2-5*01	TRBD2*01
16	AAGGCTGGAGTCACTCAAACTCCAAGATATCTGATCAAAACGAGAGGACAGCAAGTGACACTGAGCTGCTCCCCTATCTCTGGGCATAGGAGTGTATCCTGGTACCAACAGACCCCAGGACAGGGCCTTCAGTTCCTCTTTGAATACTTCAGTGAGACACAGAGAAACAAAGGAAACTTCCCTGGTCGATTCTCAGGGCGCCAGTTCTCTAACTCTCGCTCTGAGATGAATGTGAGCACCTTGGAGCTGGGGGACTCGGCCCTTTATCTTTGCGCCAGCAGCTCCACCGGGACAGGGGGCCTACGAGCAGTACTTCGGGCCGGGCACCAGGCTCACGGTCACAG	KAGVTQTPRYLIKTRGQQVTLSCSPISGHRSVSWYQQTPGQGLQFLFEYFSETQRNKGNFPGRFSGRQFSNSRSEMNVSTLELGDSALYLCASSSTGTGGLRAVLRAGHQAHGH	TRBV5-1*01	TRBJ2-7*01	TRBD1*01
17	GGTGCTGTCGTCTCTCAACATCCGAGCTGGGTTATCTGTAAGAGTGGAACCTCTGTGAAGATCGAGTGCCGTTCCCTGGACTTTCAGGCCACAACTATGTTTTGGTATCGTCAGTTCCCGAAACAGAGTCTCATGCTGATGGCAACTTCCAATGAGGGCTCCAAGGCCACATACGAGCAAGGCGTCGAGAAGGACAAGTTTCTCATCAACCATGCAAGCCTGACCTTGTCCACTCTGACAGTGACCAGTGCCCATCCTGAAGACAGCAGCTTCTACATCTGCAGTGCTGTTTCCTACGGACTAGCGGGGAGGTTGGTACGAGCAGTACGTCGGGCCGGGCACCAGGCTCACGGTCACAG	GAVVSQHPSWVICKSGTSVKIECRSLDFQATTMFWYRQFPKQSLMLMATSNEGSKATYEQGVEKDKFLINHASLTLSTLTVTSAHPEDSSFYICSAVSYGLAGRLVRAVRRAGHQAHGH	TRBV20-1*01	TRBJ2-7*02	TRBD2*01
18	GATTCTGGAGTCACACAAACCCCAAAGCACCTGATCACAGCAACTGGACAGCGAGTGACGCTGAGATGCTCCCCTAGGTCTGGAGACCTCTCTGTGTACTGGTACCAACAGAGCCTGGACCAGGGCCTCCAGTTCCTCATTCAGTATTATAATGGAGAAGAGAGAGCAAAAGGAAACATTCTTGAACGATTCTCCGCACAACAGTTCCCTGACTTGCACTCTGAACTAAACCTGAGCTCTCTGGAGCTGGGGGACTCAGCTTTGTATTTCTGTGCCAGCAGCGTAGCGGGTCAACCCTTGGGGGACAGAGCCCTAGCACAGATACGCAGTATTTTGGCCCAGGCACCCGGCTGACAGTGCTCG	DSGVTQTPKHLITATGQRVTLRCSPRSGDLSVYWYQQSLDQGLQFLIQYYNGEERAKGNILERFSAQQFPDLHSELNLSSLELGDSALYFCASSVAGQPLGDRALAQIRSILAQAPG*QCS	TRBV9*01	TRBJ2-3*01	TRBD1*01
19	ATATCTGGAGTCTCCCACAACCCCAGACACAAGATCACAAAGAGGGGACAGAATGTAACTTTCAGGTGTGATCCAATTTCTGAACACAACCGCCTTTATTGGTACCGACAGAACCCTGGGCAGGGCCCAGAGTTTCTGACTTACTTCCAGAATGAAGCTCAACTGGAAAAATCAGGGCTGCTCAGTGATCGGATCTCTGCAGAGAGGCCTAAGGGATCTTTCTCCACCTTGGAGATCCAGCGCACAGAGCAGGGGGACTCGGCCATGTATCTCTGTGCCAGCAGCTTCCGTCAAGCGGGGCAAGCTCGGGAGGAGCAGTTCTTCGGGCCAGGGACACGGCTCACCGTGCTAG	ISGVSHNPRHKITKRGQNVTFRCDPISEHNRLYWYRQNPGQGPEFLTYFQNEAQLEKSGLLSDRISAERPKGSFSTLEIQRTEQGDSAMYLCASSFRQAGQAREEQFFGPGTRLTVL	TRBV7-9*04	TRBJ2-1*01	TRBD2*01
20	AAGGCTGGAGTCACTCAAACTCCAAGATATCTGATCAAAACGAGAGGACAGCAAGTGACACTGAGCTGCTCCCCTATCTCTGGGCATAGGAGTGTATCCTGGTACCAACAGACCCCAGGACAGGGCCTTCAGTTCCTCTTTGAATACTTCAGTGAGACACAGAGAAACAAAGGAAACTTCCCTGGTCGATTCTCAGGGCGCCAGTTCTCTAACTCTCGCTCTGAGATGAATGTGAGCACCTTGGAGCTGGGGGACTCGGCCCTTTATCTTTGCGCCAGCAGCTAGCCAGACCACAGGGGGCGGAACAGCAGATACGCAGTATTTTGGCCCAGGCACCCGGCTGACAGTGCTCG	KAGVTQTPRYLIKTRGQQVTLSCSPISGHRSVSWYQQTPGQGLQFLFEYFSETQRNKGNFPGRFSGRQFSNSRSEMNVSTLELGDSALYLCASS*PDHRGRNSRYAVFWPRHPADSA	TRBV5-1*01	TRBJ2-3*01	TRBD1*01
21	AAGGCTGGAGTCACTCAAACTCCAAGATATCTGATCAAAACGAGAGGACAGCAAGTGACACTGAGCTGCTCCCCTATCTCTGGGCATAGGAGTGTATCCTGGTACCAACAGACCCCAGGACAGGGCCTTCAGTTCCTCTTTGAATACTTCAGTGAGACACAGAGAAACAAAGGAAACTTCCCTGGTCGATTCTCAGGGCGCCAGTTCTCTAACTCTCGCTCTGAGATGAATGTGAGCACCTTGGAGCTGGGGGACTCGGCCCTTTATCTTTGCGCCAGCAGCACTAATTCCTGTACATCCGAACCGGGGAGCTGTTTTTTGGAGAAGGCTCTAGGCTGACCGTACTGG	KAGVTQTPRYLIKTRGQQVTLSCSPISGHRSVSWYQQTPGQGLQFLFEYFSETQRNKGNFPGRFSGRQFSNSRSEMNVSTLELGDSALYLCASSTNSCTSEPGSCFLEKALG*PYW	TRBV5-1*01	TRBJ2-2*01	TRBD2*02
22	GATGTGAAAGTAACCCAGAGCTCGAGATATCTAGTCAAAAGGACGGGAGAGAAAGTTTTTCTGGAATGTGTCCAGGATATGGACCATGAAAATATGTTCTGGTATCGACAAGACCCAGGTCTGGGGCTACGGCTGATCTATTTCTCATATGATGTTAAAATGAAAGAAAAAGGAGATATTCCTGAGGGGTACAGTGTCTCTAGAGAGAAGAAGGAGCGCTTCTCCCTGATTCTGGAGTCCGCCAGCACCAACCAGACATCTATGTACCTCTGTGCCAGCAGTTTGTAGTGCCGCTCCTATAATTCACCCCTCCACTTTGGGAATGGGACCAGGCTCACTGTGACAG	DVKVTQSSRYLVKRTGEKVFLECVQDMDHENMFWYRQDPGLGLRLIYFSYDVKMKEKGDIPEGYSVSREKKERFSLILESASTNQTSMYLCASSL*CRSYNSPLHFGNGTRLTVT	TRBV28*01	TRBJ1-6*01	TRBD1*01
23	GGTGCTGTCGTCTCTCAACATCCGAGCTGGGTTATCTGTAAGAGTGGAACCTCTGTGAAGATCGAGTGCCGTTCCCTGGACTTTCAGGCCACAACTATGTTTTGGTATCGTCAGTTCCCGAAACAGAGTCTCATGCTGATGGCAACTTCCAATGAGGGCTCCAAGGCCACATACGAGCAAGGCGTCGAGAAGGACAAGTTTCTCATCAACCATGCAAGCCTGACCTTGTCCACTCTGACAGTGACCAGTGCCCATCCTGAAGACAGCAGCTTCTACATCTGCAGTGCTAGAAAAACACAGGGGAGACCCAGTACTTCGGGCCAGGCACGCGGCTCCTGGTGCTCG	GAVVSQHPSWVICKSGTSVKIECRSLDFQATTMFWYRQFPKQSLMLMATSNEGSKATYEQGVEKDKFLINHASLTLSTLTVTSAHPEDSSFYICSARKTQGRPSTSGQARGSWCS	TRBV20-1*01	TRBJ2-5*01	TRBD1*01
24	GAAGCCCAAGTGACCCAGAACCCAAGATACCTCATCACAGTGACTGGAAAGAAGTTAACAGTGACTTGTTCTCAGAATATGAACCATGAGTATATGTCCTGGTATCGACAAGACCCAGGGCTGGGCTTAAGGCAGATCTACTATTCAATGAATGTTGAGGTGACTGATAAGGGAGATGTTCCTGAAGGGTACAAAGTCTCTCGAAAAGAGAAGAGGAATTTCCCCCTGATCCTGGAGTCGCCCAGCCCCAACCAGACCTCTCTGTACTTCTGTGCCGGAGGGGGAATTACCGAGACCCAGTACTTCGGGCCAGGCACGCGGCTCCTGGTGCTCG	EAQVTQNPRYLITVTGKKLTVTCSQNMNHEYMSWYRQDPGLGLRQIYYSMNVEVTDKGDVPEGYKVSRKEKRNFPLILESPSPNQTSLYFCAGGGITETQYFGPGTRLLVL	TRBV27*01	TRBJ2-5*01	TRBD2*02
25	CATGCCAAAGTCACACAGACTCCAGGACATTTGGTCAAAGGAAAAGGACAGAAAACAAAGATGGATTGTACCCCCGAAAAAGGACATACTTTTGTTTATTGGTATCAACAGAATCAGAATAAAGAGTTTATGCTTTTGATTTCCTTTCAGAATGAACAAGTTCTTCAAGAAACGGAGATGCACAAGAAGCGATTCTCATCTCAATGCCCCAAGAACGCACCCTGCAGCCTGGCAATCCTGTCCTCAGAACCGGGAGACACGGCACTGTATCTCTGCGCCAGCAGTTAAGGGAATCACCCCTCCACTTTGGGAATGGGACCAGGCTCACTGTGACAG	HAKVTQTPGHLVKGKGQKTKMDCTPEKGHTFVYWYQQNQNKEFMLLISFQNEQVLQETEMHKKRFSSQCPKNAPCSLAILSSEPGDTALYLCASS*GNHPSTLGMGPGSL*Q	TRBV23-1*01	TRBJ1-6*01	TRBD2*02
26	GAGGCTGGAGTCACCCAAAGTCCCACACACCTGATCAAAACGAGAGGACAGCAAGTGACTCTGAGATGCTCTCCTATCTCTGGGCACAGCAGTGTGTCCTGGTACCAACAGGCCCCGGGTCAGGGGCCCCAGTTTATCTTTGAATATGCTAATGAGTTAAGGAGATCAGAAGGAAACTTCCCTAATCGATTCTCAGGGCGCCAGTTCCATGACTGTTGCTCTGAGATGAATGTGAGTGCCTTGGAGCTGGGGGACTCGGCCCTGTATCTCTGTGCCAGAAGCGGCCTAGCGGGGGGGGGACCACCGGGGAGCTGTTTTTTGGAGAAGGCTCTAGGCTGACCGTACTGG	EAGVTQSPTHLIKTRGQQVTLRCSPISGHSSVSWYQQAPGQGPQFIFEYANELRRSEGNFPNRFSGRQFHDCCSEMNVSALELGDSALYLCARSGLAGGGPPGSCFLEKALG*PYW	TRBV5-3*01	TRBJ2-2*01	TRBD2*01
27	GGTGCTGGAGTCTCCCAGTCCCCAAGGTACAAAGTCGCAAAGAGGGGACGGGATGTAGCTCTCAGGTGTGATTCAATTTCGGGTCATGTAACCCTTTATTGGTACCGACAGACCCTGGGGCAGGGCTCAGAGGTTCTGACTTACTCCCAGAGTGATGCTCAACGAGACAAATCAGGGCGGCCCAGTGGTCGGTTCTCTGCAGAGAGGCCTGAGAGATCCGTCTCCACTCTGAAGATCCAGCGCACAGAGCAGGGGGACTCAGCTGTGTATCTCTGTGCCAGCAGCTTAGTAGCAGGGAGTGGGACTCTGGAAACACCATATATTTTGGAGAGGGAAGTTGGCTCACTGTTGTAG	GAGVSQSPRYKVAKRGRDVALRCDSISGHVTLYWYRQTLGQGSEVLTYSQSDAQRDKSGRPSGRFSAERPERSVSTLKIQRTEQGDSAVYLCASSLVAGSGTLETPYILEREVGSLL*	TRBV7-4*01	TRBJ1-3*01	TRBD1*01
28	AATGCTGGTGTCACTCAGACCCCAAAATTCCGGGTCCTGAAGACAGGACAGAGCATGACACTGCTGTGTGCCCAGGATATGAACCATGAATACATGTACTGGTATCGACAAGACCCAGGCATGGGGCTGAGGCTGATTCATTACTCAGTTGGTGAGGGTACAACTGCCAAAGGAGAGGTCCCTGATGGCTACAATGTCTCCAGATTAAAAAAACAGAATTTCCTGCTGGGGTTGGAGTCGGCTGCTCCCTCCCAAACATCTGTGTACTTCTGTGCCAGCAGTTAGCGTAACAATACTCCTACGAGCAGTACGTCGGGCCGGGCACCAGGCTCACGGTCACAG	NAGVTQTPKFRVLKTGQSMTLLCAQDMNHEYMYWYRQDPGMGLRLIHYSVGEGTTAKGEVPDGYNVSRLKKQNFLLGLESAAPSQTSVYFCASS*RNNTPTSSTSGRAPGSRSQ	TRBV6-2*01	TRBJ2-7*02	TRBD2*02
29	GGTGCTGTCGTCTCTCAACATCCGAGCTGGGTTATCTGTAAGAGTGGAACCTCTGTGAAGATCGAGTGCCGTTCCCTGGACTTTCAGGCCACAACTATGTTTTGGTATCGTCAGTTCCCGAAACAGAGTCTCATGCTGATGGCAACTTCCAATGAGGGCTCCAAGGCCACATACGAGCAAGGCGTCGAGAAGGACAAGTTTCTCATCAACCATGCAAGCCTGACCTTGTCCACTCTGACAGTGACCAGTGCCCATCCTGAAGACAGCAGCTTCTACATCTGCAGTGCTAGCAGCGGGGCTGAGCAGTTCTTCGGGCCAGGGACACGGCTCACCGTGCTAG	GAVVSQHPSWVICKSGTSVKIECRSLDFQATTMFWYRQFPKQSLMLMATSNEGSKATYEQGVEKDKFLINHASLTLSTLTVTSAHPEDSSFYICSASSGAEQFFGPGTRLTVL	TRBV20-1*01	TRBJ2-1*01	TRBD2*01
30	AAGGCTGGAGTCACTCAAACTCCAAGATATCTGATCAAAACGAGAGGACAGCAAGTGACACTGAGCTGCTCCCCTATCTCTGGGCATAGGAGTGTATCCTGGTACCAACAGACCCCAGGACAGGGCCTTCAGTTCCTCTTTGAATACTTCAGTGAGACACAGAGAAACAAAGGAAACTTCCCTGGTCGATTCTCAGGGCGCCAGTTCTCTAACTCTCGCTCTGAGATGAATGTGAGCACCTTGGAGCTGGGGGACTCGGCCCTTTATCTTTGCGCCAGCAGCAGGGATACCATGGATGGGACAGGGGTAACGGCCATAGCAATCAGCCCCAGCATTTTGGTGATGGGACTCGACTCTCCATCCTAG	KAGVTQTPRYLIKTRGQQVTLSCSPISGHRSVSWYQQTPGQGLQFLFEYFSETQRNKGNFPGRFSGRQFSNSRSEMNVSTLELGDSALYLCASSRDTMDGTGVTAIAISPSILVMGLDSPS*	TRBV5-1*01	TRBJ1-5*01	TRBD1*01
31	GGTGCTGTCGTCTCTCAACATCCGAGCTGGGTTATCTGTAAGAGTGGAACCTCTGTGAAGATCGAGTGCCGTTCCCTGGACTTTCAGGCCACAACTATGTTTTGGTATCGTCAGTTCCCGAAACAGAGTCTCATGCTGATGGCAACTTCCAATGAGGGCTCCAAGGCCACATACGAGCAAGGCGTCGAGAAGGACAAGTTTCTCATCAACCATGCAAGCCTGACCTTGTCCACTCTGACAGTGACCAGTGCCCATCCTGAAGACAGCAGCTTCTACATCTGCAGTGCCGTTGACTAGCGGGATAAAGCGCACAGATACGCAGTATTTTGGCCCAGGCACCCGGCTGACAGTGCTCG	GAVVSQHPSWVICKSGTSVKIECRSLDFQATTMFWYRQFPKQSLMLMATSNEGSKATYEQGVEKDKFLINHASLTLSTLTVTSAHPEDSSFYICSAVD*RDKAHRYAVFWPRHPADSA	TRBV20-1*01	TRBJ2-3*01	TRBD2*01
32	AAGGCTGGAGTCACTCAAACTCCAAGATATCTGATCAAAACGAGAGGACAGCAAGTGACACTGAGCTGCTCCCCTATCTCTGGGCATAGGAGTGTATCCTGGTACCAACAGACCCCAGGACAGGGCCTTCAGTTCCTCTTTGAATACTTCAGTGAGACACAGAGAAACAAAGGAAACTTCCCTGGTCGATTCTCAGGGCGCCAGTTCTCTAACTCTCGCTCTGAGATGAATGTGAGCACCTTGGAGCTGGGGGACTCGGCCCTTTATCTTTGCGCCAGCAGCCTATCTCCAGGGCCGTTCAGCCCCAGCATTTTGGTGATGGGACTCGACTCTCCATCCTAG	KAGVTQTPRYLIKTRGQQVTLSCSPISGHRSVSWYQQTPGQGLQFLFEYFSETQRNKGNFPGRFSGRQFSNSRSEMNVSTLELGDSALYLCASSLSPGPFSPSILVMGLDSPS*	TRBV5-1*01	TRBJ1-5*01	TRBD1*01
33	GGTGCTGTCGTCTCTCAACATCCGAGCTGGGTTATCTGTAAGAGTGGAACCTCTGTGAAGATCGAGTGCCGTTCCCTGGACTTTCAGGCCACAACTATGTTTTGGTATCGTCAGTTCCCGAAACAGAGTCTCATGCTGATGGCAACTTCCAATGAGGGCTCCAAGGCCACATACGAGCAAGGCGTCGAGAAGGACAAGTTTCTCATCAACCATGCAAGCCTGACCTTGTCCACTCTGACAGTGACCAGTGCCCATCCTGAAGACAGCAGCTTCTACATCTGCAGTGCCCACAGGAATGAGCAGTTCTTCGGGCCAGGGACACGGCTCACCGTGCTAG	GAVVSQHPSWVICKSGTSVKIECRSLDFQATTMFWYRQFPKQSLMLMATSNEGSKATYEQGVEKDKFLINHASLTLSTLTVTSAHPEDSSFYICSAHRNEQFFGPGTRLTVL	TRBV20-1*01	TRBJ2-1*01	TRBD1*01
34	GACGCTGGAGTCACCCAAAGTCCCACACACCTGATCAAAACGAGAGGACAGCAAGTGACTCTGAGATGCTCTCCTATCTCTGGGCACAAGAGTGTGTCCTGGTACCAACAGGTCCTGGGTCAGGGGCCCCAGTTTATCTTTCAGTATTATGAGAAAGAAGAGAGAGGAAGAGGAAACTTCCCTGATCGATTCTCAGCTCGCCAGTTCCCTAACTATAGCTCTGAGCTGAATGTGAACGCCTTGTTGCTGGGGGACTCGGCCCTGTATCTCTGTGCCAGCAGCTTGCCCTAGGCGGGGAGCTCCTACGAGCAGTACTTCGGGCCGGGCACCAGGCTCACGGTCACAG	DAGVTQSPTHLIKTRGQQVTLRCSPISGHKSVSWYQQVLGQGPQFIFQYYEKEERGRGNFPDRFSARQFPNYSSELNVNALLLGDSALYLCASSLP*AGSSYEQYFGPGTRLTVT	TRBV5-5*01	TRBJ2-7*01	TRBD2*02
35	GAAACGGGAGTTACGCAGACACCAAGACACCTGGTCATGGGAATGACAAATAAGAAGTCTTTGAAATGTGAACAACATCTGGGTCATAACGCTATGTATTGGTACAAGCAAAGTGCTAAGAAGCCACTGGAGCTCATGTTTGTCTACAGTCTTGAAGAACGGGTTGAAAACAACAGTGTGCCAAGTCGCTTCTCACCTGAATGCCCCAACAGCTCTCACTTATCCCTTCACCTACACACCCTGCAGCCAGAAGACTCGGCCCTGTATCTCTGCGCCAGCAGCCAAGATCCGGCAGGGCCTTGATCAGCCCCAGCATTTTGGTGATGGGACTCGACTCTCCATCCTAG	ETGVTQTPRHLVMGMTNKKSLKCEQHLGHNAMYWYKQSAKKPLELMFVYSLEERVENNSVPSRFSPECPNSSHLSLHLHTLQPEDSALYLCASSQDPAGP*SAPAFW*WDSTLHP	TRBV4-3*02	TRBJ1-5*01	TRBD1*01
36	GATGCTGGAATCACCCAGAGCCCAAGACACAAGGTCACAGAGACAGGAACACCAGTGACTCTGAGATGTCACCAGACTGAGAACCACCGCTATATGTACTGGTATCGACAAGACCCGGGGCATGGGCTGAGGCTGATCCATTACTCATATGGTGTTAAAGATACTGACAAAGGAGAAGTCTCAGATGGCTATAGTGTCTCTAGATCAAAGACAGAGGATTTCCTCCTCACTCTGGAGTCCGCTACCAGCTCCCAGACATCTGTGTACTTCTGTGCCATCAGTGAAACACGACTAGCGGGGGGTGAAATCAGCCCCAGCATTTTGGTGATGGGACTCGACTCTCCATCCTAG	DAGITQSPRHKVTETGTPVTLRCHQTENHRYMYWYRQDPGHGLRLIHYSYGVKDTDKGEVSDGYSVSRSKTEDFLLTLESATSSQTSVYFCAISETRLAGGEISPSILVMGLDSPS*	TRBV10-3*01	TRBJ1-5*01	TRBD2*01
37	GAAGCTGGAGTTGCCCAGTCTCCCAGATATAAGATTATAGAGAAAAGGCAGAGTGTGGCTTTTTGGTGCAATCCTATATCTGGCCATGCTACCCTTTACTGGTACCAGCAGATCCTGGGACAGGGCCCAAAGCTTCTGATTCAGTTTCAGAATAACGGTGTAGTGGATGATTCACAGTTGCCTAAGGATCGATTTTCTGCAGAGAGGCTCAAAGGAGTAGACTCCACTCTCAAGATCCAACCTGCAAAGCTTGAGGACTCGGCCGTGTATCTCTGTGCCAATTTTTGGGCGGGCACCCTCCTACGAGCAGTACTTCGGGCCGGGCACCAGGCTCACGGTCACAG	EAGVAQSPRYKIIEKRQSVAFWCNPISGHATLYWYQQILGQGPKLLIQFQNNGVVDDSQLPKDRFSAERLKGVDSTLKIQPAKLEDSAVYLCANFWAGTLLRAVLRAGHQAHGH	TRBV11-2*03	TRBJ2-7*01	TRBD2*02
38	CATGCCAAAGTCACACAGACTCCAGGACATTTGGTCAAAGGAAAAGGACAGAAAACAAAGATGGATTGTACCCCCGAAAAAGGACATACTTTTGTTTATTGGTATCAACAGAATCAGAATAAAGAGTTTATGCTTTTGATTTCCTTTCAGAATGAACAAGTTCTTCAAGAAACGGAGATGCACAAGAAGCGATTCTCATCTCAATGCCCCAAGAACGCACCCTGCAGCCTGGCAATCCTGTCCTCAGAACCGGGAGACACGGCACTGTATCTCTGCGCCAGCAGTCAATCCCCGACAGGGAGGACCCCCTACGAGCAGTACTTCGGGCCGGGCACCAGGCTCACGGTCACAG	HAKVTQTPGHLVKGKGQKTKMDCTPEKGHTFVYWYQQNQNKEFMLLISFQNEQVLQETEMHKKRFSSQCPKNAPCSLAILSSEPGDTALYLCASSQSPTGRTPYEQYFGPGTRLTVT	TRBV23-1*01	TRBJ2-7*01	TRBD1*01
39	GGTGCTGTCGTCTCTCAACATCCGAGCTGGGTTATCTGTAAGAGTGGAACCTCTGTGAAGATCGAGTGCCGTTCCCTGGACTTTCAGGCCACAACTATGTTTTGGTATCGTCAGTTCCCGAAACAGAGTCTCATGCTGATGGCAACTTCCAATGAGGGCTCCAAGGCCACATACGAGCAAGGCGTCGAGAAGGACAAGTTTCTCATCAACCATGCAAGCCTGACCTTGTCCACTCTGACAGTGACCAGTGCCCATCCTGAAGACAGCAGCTTCTACATCTGCAGTGCTAGAGAGGGCAGAAACTGAAGCTTTCTTTGGACAAGGCACCAGACTCACAGTTGTAG	GAVVSQHPSWVICKSGTSVKIECRSLDFQATTMFWYRQFPKQSLMLMATSNEGSKATYEQGVEKDKFLINHASLTLSTLTVTSAHPEDSSFYICSAREGRN*SFLWTRHQTHSC	TRBV20-1*01	TRBJ1-1*01	TRBD1*01
40	AAGGCTGGAGTCACTCAAACTCCAAGATATCTGATCAAAACGAGAGGACAGCAAGTGACACTGAGCTGCTCCCCTATCTCTGGGCATAGGAGTGTATCCTGGTACCAACAGACCCCAGGACAGGGCCTTCAGTTCCTCTTTGAATACTTCAGTGAGACACAGAGAAACAAAGGAAACTTCCCTGGTCGATTCTCAGGGCGCCAGTTCTCTAACTCTCGCTCTGAGATGAATGTGAGCACCTTGGAGCTGGGGGACTCGGCCCTTTATCTTTGCGCCATCTACCGCCCGGAAGCAAAGAGAGACCCAGTACTTCGGGCCAGGCACGCGGCTCCTGGTGCTCG	KAGVTQTPRYLIKTRGQQVTLSCSPISGHRSVSWYQQTPGQGLQFLFEYFSETQRNKGNFPGRFSGRQFSNSRSEMNVSTLELGDSALYLCAIYRPEAKRDPVLRARHAAPGA	TRBV5-1*01	TRBJ2-5*01	TRBD2*02
41	ACTGAAGTTACCCAGACACCAAAACACCTGGTCATGGGAATGACAAATAAGAAGTCTTTGAAATGTGAACAACATATGGGGCACAGGGCTATGTATTGGTACAAGCAGAAAGCTAAGAAGCCACCGGAGCTCATGTTTGTCTACAGCTATGAGAAACTCTCTATAAATGAAAGTGTGCCAAGTCGCTTCTCACCTGAATGCCCCAACAGCTCTCTCTTAAACCTTCACCTACACGCCCTGCAGCCAGAAGACTCAGCCCTGTATCTCTGCGCCAGCAGCCAAGGCTGGGACAGTCTAAGGGAATTCACCCCTCCACTTTGGGAATGGGACCAGGCTCACTGTGACAG	TEVTQTPKHLVMGMTNKKSLKCEQHMGHRAMYWYKQKAKKPPELMFVYSYEKLSINESVPSRFSPECPNSSLLNLHLHALQPEDSALYLCASSQGWDSLREFTPPLWEWDQAHCD	TRBV4-1*01	TRBJ1-6*01	TRBD1*01
42	AAGGCTGGAGTCACTCAAACTCCAAGATATCTGATCAAAACGAGAGGACAGCAAGTGACACTGAGCTGCTCCCCTATCTCTGGGCATAGGAGTGTATCCTGGTACCAACAGACCCCAGGACAGGGCCTTCAGTTCCTCTTTGAATACTTCAGTGAGACACAGAGAAACAAAGGAAACTTCCCTGGTCGATTCTCAGGGCGCCAGTTCTCTAACTCTCGCTCTGAGATGAATGTGAGCACCTTGGAGCTGGGGGACTCGGCCCTTTATCTTTGCGCCAGCAGCCGGAGGAACACTGAAGCTTTCTTTGGACAAGGCACCAGACTCACAGTTGTAG	KAGVTQTPRYLIKTRGQQVTLSCSPISGHRSVSWYQQTPGQGLQFLFEYFSETQRNKGNFPGRFSGRQFSNSRSEMNVSTLELGDSALYLCASSRRNTEAFFGQGTRLTVV	TRBV5-1*01	TRBJ1-1*01	TRBD1*01
43	TCTCAGACTATTCATCAATGGCCAGCGACCCTGGTGCAGCCTGTGGGCAGCCCGCTCTCTCTGGAGTGCACTGTGGAGGGAACATCAAACCCCAACCTATACTGGTACCGACAGGCTGCAGGCAGGGGCCTCCAGCTGCTCTTCTACTCCGTTGGTATTGGCCAGATCAGCTCTGAGGTGCCCCAGAATCTCTCAGCCTCCAGACCCCAGGACCGGCAGTTCATCCTGAGTTCTAAGAAGCTCCTTCTCAGTGACTCTGGCTTCTATCTCTGTGCCTGGTGCGCCCGCCGGGACAGGATGAACTATGGCTACACCTTCGGTTCGGGGACCAGGTTAACCGTTGTAG	SQTIHQWPATLVQPVGSPLSLECTVEGTSNPNLYWYRQAAGRGLQLLFYSVGIGQISSEVPQNLSASRPQDRQFILSSKKLLLSDSGFYLCAWCARRDRMNYGYTFGSGTRLTVV	TRBV30*01	TRBJ1-2*01	TRBD1*01
44	GATGTGAAAGTAACCCAGAGCTCGAGATATCTAGTCAAAAGGACGGGAGAGAAAGTTTTTCTGGAATGTGTCCAGGATATGGACCATGAAAATATGTTCTGGTATCGACAAGACCCAGGTCTGGGGCTACGGCTGATCTATTTCTCATATGATGTTAAAATGAAAGAAAAAGGAGATATTCCTGAGGGGTACAGTGTCTCTAGAGAGAAGAAGGAGCGCTTCTCCCTGATTCTGGAGTCCGCCAGCACCAACCAGACATCTATGTACCTCTGTGCCAGCAGTTGTACGTGCACAGGGTCCTACGAGCAGTACTTCGGGCCGGGCACCAGGCTCACGGTCACAG	DVKVTQSSRYLVKRTGEKVFLECVQDMDHENMFWYRQDPGLGLRLIYFSYDVKMKEKGDIPEGYSVSREKKERFSLILESASTNQTSMYLCASSCTCTGSYEQYFGPGTRLTVT	TRBV28*01	TRBJ2-7*01	TRBD1*01
45	GGTGCTGGAGTCTCCCAGACCCCCAGTAACAAGGTCACAGAGAAGGGAAAATATGTAGAGCTCAGGTGTGATCCAATTTCAGGTCATACTGCCCTTTACTGGTACCGACAAAGCCTGGGGCAGGGCCCAGAGTTTCTAATTTACTTCCAAGGCACGGGTGCGGCAGATGACTCAGGGCTGCCCAACGATCGGTTCTTTGCAGTCAGGCCTGAGGGATCCGTCTCTACTCTGAAGATCCAGCGCACAGAGCGGGGGGACTCAGCCGTGTATCTCTGTGCCAGCAGCACCCCAAGTTACAGATACGCAGTATTTTGGCCCAGGCACCCGGCTGACAGTGCTCG	GAGVSQTPSNKVTEKGKYVELRCDPISGHTALYWYRQSLGQGPEFLIYFQGTGAADDSGLPNDRFFAVRPEGSVSTLKIQRTERGDSAVYLCASSTPSYRYAVFWPRHPADSA	TRBV7-3*01	TRBJ2-3*01	TRBD2*01
46	ACGGGAGTTACGCAGACACCAAGACACCTGGTCATGGGAATGACAAATAAGAAGTCTTTGAAATGTGAACAACATCTGGGTCATAACGCTATGTATTGGTACAAGCAAAGTGCTAAGAAGCCACTGGAGCTCATGTTTGTCTACAGTCTTGAAGAACGGGTTGAAAACAACAGTGTGCCAAGTCGCTTCTCACCTGAATGCCCCAACAGCTCTCACTTATTCCTTCACCTACACACCCTGCAGCCAGAAGACTCGGCCCTGTATCTCTGCGCCAGCAGCCAAGATACGGACAGGGAGGAACACTGAAGCTTTCTTTGGACAAGGCACCAGACTCACAGTTGTAG	TGVTQTPRHLVMGMTNKKSLKCEQHLGHNAMYWYKQSAKKPLELMFVYSLEERVENNSVPSRFSPECPNSSHLFLHLHTLQPEDSALYLCASSQDTDREEH*SFLWTRHQTHSC	TRBV4-3*01	TRBJ1-1*01	TRBD1*01
47	GATGGTGGAATCACTCAGTCCCCAAAGTACCTGTTCAGAAAGGAAGGACAGAATGTGACCCTGAGTTGTGAACAGAATTTGAACCACGATGCCATGTACTGGTACCGACAGGACCCAGGGCAAGGGCTGAGATTGATCTACTACTCACAGATAGTAAATGACTTTCAGAAAGGAGATATAGCTGAAGGGTACAGCGTCTCTCGGGAGAAGAAGGAATCCTTTCCTCTCACTGTGACATCGGCCCAAAAGAACCCGACAGCTTTCTATCTCTGTGCCAGTAGTCCAGCAGGAATCAGCCCCAGCATTTTGGTGATGGGACTCGACTCTCCATCCTAG	DGGITQSPKYLFRKEGQNVTLSCEQNLNHDAMYWYRQDPGQGLRLIYYSQIVNDFQKGDIAEGYSVSREKKESFPLTVTSAQKNPTAFYLCASSPAGISPSILVMGLDSPS*	TRBV19*01	TRBJ1-5*01	TRBD1*01
48	GATGCTGAAATCACCCAGAGCCCAAGACACAAGATCACAGAGACAGGAAGGCAGGTGACCTTGGCGTGTCACCAGACTTGGAACCACAACAATATGTTCTGGTATCGACAAGACCTGGGACATGGGCTGAGGCTGATCCATTACTCATATGGTGTTCACGACACTAACAAAGGAGAAGTCTCAGATGGCTACAGTGTCTCTAGATCAAACACAGAGGACCTCCCCCTCACTCTGTAGTCTGCTGCCTCCTCCCAGACATCTGTATATTTCTGCGCCAGCAGTGAGGGAACCCGGGACAGGGGGCTCACCGGGGAGCTGTTTTTTGGAGAAGGCTCTAGGCTGACCGTACTGG	DAEITQSPRHKITETGRQVTLACHQTWNHNNMFWYRQDLGHGLRLIHYSYGVHDTNKGEVSDGYSVSRSNTEDLPLTL*SAASSQTSVYFCASSEGTRDRGLTGELFFGEGSRLTVL	TRBV10-1*04	TRBJ2-2*01	TRBD1*01
49	GGAGCTGGAGTCTCCCAGTCCCCCAGTAACAAGGTCACAGAGAAGGGAAAGGATGTAGAGCTCAGGTGTGATCCAATTTCAGGTCATACTGCCCTTTACTGGTACCGACAGAGGCTGGGGCAGGGCCTGGAGTTTTTAATTTACTTCCAAGGCAACAGTGCACCAGACAAATCAGGGCTGCCCAGTGATCGCTTCTCTGCAGAGAGGACTGGGGAATCCGTCTCCACTCTGACGATCCAGCGCACACAGCAGGAGGACTCGGCCGTGTATCTCTGTGCCAGCAGCTTGGTAACTCGGGACCAAGGACAGGGGGGGCTAAGAAGTAATGAGCAGTTCTTCGGGCCAGGGACACGGCTCACCGTGCTAG	GAGVSQSPSNKVTEKGKDVELRCDPISGHTALYWYRQRLGQGLEFLIYFQGNSAPDKSGLPSDRFSAERTGESVSTLTIQRTQQEDSAVYLCASSLVTRDQGQGGLRSNEQFFGPGTRLTVL	TRBV7-2*02	TRBJ2-1*01	TRBD2*01
50	ACGGGAGTTACGCAGACACCAAGACACCTGGTCATGGGAATGACAAATAAGAAGTCTTTGAAATGTGAACAACATCTGGGGCATAACGCTATGTATTGGTACAAGCAAAGTGCTAAGAAGCCACTGGAGCTCATGTTTGTCTACAACTTTAAAGAACAGACTGAAAACAACAGTGTGCCAAGTCGCTTCTCACCTGAATGCCCCAACAGCTCTCACTTATTCCTTCACCTACACACCCTGCAGCCAGAAGACTCGGCCCTGTATCTCTGTGCCAGCAGCCAAGATCTAAAGCTACAACGGGACAGGGTGGGATGGATCTCTGGGGCCAACGTCCTGACTTTCGGGGCCGGCAGCAGGCTGACCGTGCTGG	TGVTQTPRHLVMGMTNKKSLKCEQHLGHNAMYWYKQSAKKPLELMFVYNFKEQTENNSVPSRFSPECPNSSHLFLHLHTLQPEDSALYLCASSQDLKLQRDRVGWISGANVLTFGAGSRLTVL	TRBV4-2*01	TRBJ2-6*01	TRBD1*01
51	GATTCTGGAGTCACACAAACCCCAAAGCACCTGATCACAGCAACTGGACAGCGAGTGACGCTGAGATGCTCCCCTAGGTCTGGAGACCTCTCTGTGTACTGGTACCAACAGAGCCTGGACCAGGGCCTCCAGTTCCTCATTCAGTATTATAATGGAGAAGAGAGAGCAAAAGGAAACATTCTTGAACGATTCTCCGCACAACAGTTCCCTGACTTGCACTCTGAACTAAACCTGAGCTCTCTGGAGCTGGGGGACTCAGCTTTGTATTTCTGTGCCAGCAGCCCCCGACAGGCATATAGCAATCAGCCCCAGCATTTTGGTGATGGGACTCGACTCTCCATCCTAG	DSGVTQTPKHLITATGQRVTLRCSPRSGDLSVYWYQQSLDQGLQFLIQYYNGEERAKGNILERFSAQQFPDLHSELNLSSLELGDSALYFCASSPRQAYSNQPQHFGDGTRLSIL	TRBV9*01	TRBJ1-5*01	TRBD1*01
52	AAGGCTGGAGTCACTCAAACTCCAAGATATCTGATCAAAACGAGAGGACAGCAAGTGACACTGAGCTGCTCCCCTATCTCTGGGCATAGGAGTGTATCCTGGTACCAACAGACCCCAGGACAGGGCCTTCAGTTCCTCTTTGAATACTTCAGTGAGACACAGAGAAACAAAGGAAACTTCCCTGGTCGATTCTCAGGGCGCCAGTTCTCTAACTCTCGCTCTGAGATGAATGTGAGCACCTTGGAGCTGGGGGACTCGGCCCTTTATCTTTGCGCCAGCAGCTGGTAGGACAGGGGAACTGAAGCTTTCTTTGGACAAGGCACCAGACTCACAGTTGTAG	KAGVTQTPRYLIKTRGQQVTLSCSPISGHRSVSWYQQTPGQGLQFLFEYFSETQRNKGNFPGRFSGRQFSNSRSEMNVSTLELGDSALYLCASSW*DRGTEAFFGQGTRLTVV	TRBV5-1*01	TRBJ1-1*01	TRBD1*01
53	AGTGCTGTCATCTCTCAAAAGCCAAGCAGGGATATCTGTCAACGTGGAACCTCCCTGACGATCCAGTGTCAAGTCGATAGCCAAGTCACCATGATGTTCTGGTACCGTCAGCAACCTGGACAGAGCCTGACACTGATCGCAACTGCAAATCAGGGCTCTGAGGCCACATATGAGAGTGGATTTGTCATTGACAAGTTTCCCATCAGCCGCCCAAACCTAACATTCTCAACTCTGACTGTGAGCAACATGAGCCCTGAAGACAGCAGCATATATCTCTGCAGCGCCCGGGACAGGGGTCCGCCCTACAATGAGCAGTTCTTCGGGCCAGGGACACGGCTCACCGTGCTAG	SAVISQKPSRDICQRGTSLTIQCQVDSQVTMMFWYRQQPGQSLTLIATANQGSEATYESGFVIDKFPISRPNLTFSTLTVSNMSPEDSSIYLCSARDRGPPYNEQFFGPGTRLTVL	TRBV29-1*01	TRBJ2-1*01	TRBD1*01
54	GGTGCTGTCGTCTCTCAACATCCGAGCTGGGTTATCTGTAAGAGTGGAACCTCTGTGAAGATCGAGTGCCGTTCCCTGGACTTTCAGGCCACAACTATGTTTTGGTATCGTCAGTTCCCGAAACAGAGTCTCATGCTGATGGCAACTTCCAATGAGGGCTCCAAGGCCACATACGAGCAAGGCGTCGAGAAGGACAAGTTTCTCATCAACCATGCAAGCCTGACCTTGTCCACTCTGACAGTGACCAGTGCCCATCCTGAAGACAGCAGCTTCTACATCTGCAGTGCTAATGACTAGCGGGGGTTACACCGGGGAGCTGTTTTTTGGAGAAGGCTCTAGGCTGACCGTACTGG	GAVVSQHPSWVICKSGTSVKIECRSLDFQATTMFWYRQFPKQSLMLMATSNEGSKATYEQGVEKDKFLINHASLTLSTLTVTSAHPEDSSFYICSAND*RGLHRGAVFWRRL*ADRT	TRBV20-1*01	TRBJ2-2*01	TRBD2*01
55	AATGCTGGTGTCACTCAGACCCCAAAATTCCGGGTCCTGAAGACAGGACAGAGCATGACACTGCTGTGTGCCCAGGATATGAACCATGAATACATGTACTGGTATCGACAAGACCCAGGCATGGGGCTGAGGCTGATTCATTACTCAGTTGGTGAGGGTACAACTGCCAAAGGAGAGGTCCCTGATGGCTACAATGTCTCCAGATTAAAAAAACAGAATTTCCTGCTGGGGTTGGAGTCGGCTGCTCCCTCCCAAACATCTGTGTACTTCTGTGCCAGCAGTTACGACTGGACAGGGATCGAAGAACACTGAAGCTTTCTTTGGACAAGGCACCAGACTCACAGTTGTAG	NAGVTQTPKFRVLKTGQSMTLLCAQDMNHEYMYWYRQDPGMGLRLIHYSVGEGTTAKGEVPDGYNVSRLKKQNFLLGLESAAPSQTSVYFCASSYDWTGIEEH*SFLWTRHQTHSC	TRBV6-2*01	TRBJ1-1*01	TRBD1*01
56	GATTCTGGAGTCACACAAACCCCAAAGCACCTGATCACAGCAACTGGACAGCGAGTGACGCTGAGATGCTCCCCTAGGTCTGGAGACCTCTCTGTGTACTGGTACCAACAGAGCCTGGACCAGGGCCTCCAGTTCCTCATTCAGTATTATAATGGAGAAGAGAGAGCAAAAGGAAACATTCTTGAACGATTCTCCGCACAACAGTTCCCTGACTTGCACTCTGAACTAAACCTGAGCTCTCTGGAGCTGGGGGACTCAGCTTTGTATTTCTGTGCCAGCAGCGTACATGGTAGCGGGGGGCAGTCACGAGCAGTACTTCGGGCCGGGCACCAGGCTCACGGTCACAG	DSGVTQTPKHLITATGQRVTLRCSPRSGDLSVYWYQQSLDQGLQFLIQYYNGEERAKGNILERFSAQQFPDLHSELNLSSLELGDSALYFCASSVHGSGGQSRAVLRAGHQAHGH	TRBV9*01	TRBJ2-7*01	TRBD2*01
57	AAGGCTGGAGTCACTCAAACTCCAAGATATCTGATCAAAACGAGAGGACAGCAAGTGACACTGAGCTGCTCCCCTATCTCTGGGCATAGGAGTGTATCCTGGTACCAACAGACCCCAGGACAGGGCCTTCAGTTCCTCTTTGAATACTTCAGTGAGACACAGAGAAACAAAGGAAACTTCCCTGGTCGATTCTCAGGGCGCCAGTTCTCTAACTCTCGCTCTGAGATGAATGTGAGCACCTTGGAGCTGGGGGACTCGGCCCTTTATCTTTGCGCCAGCCTTGGGGACAGGGCTGCAACTAATGAAAAACTGTTTTTTGGCAGTGGAACCCAGCTCTCTGTCTTGG	KAGVTQTPRYLIKTRGQQVTLSCSPISGHRSVSWYQQTPGQGLQFLFEYFSETQRNKGNFPGRFSGRQFSNSRSEMNVSTLELGDSALYLCASLGDRAATNEKLFFGSGTQLSVL	TRBV5-1*01	TRBJ1-4*01	TRBD1*01
58	GCTGGAATCACCCAGAGCCCAAGACACAAGGTCACAGAGACAGGAACACCAGTGACTCTGAGATGTCATCAGACTGAGAACCACCGCTATATGTACTGGTATCGACAAGACCCGGGGCATGGGCTGAGGCTGATCCATTACTCATATGGTGTTAAAGATACTGACAAAGGAGAAGTCTCAGATGGCTATAGTGTCTCTAGATCAAAGACAGAGGATTTCCTCCTCACTCTGGAGTCCGCTACCAGCTCCCAGACATCTGTGTACTTCTGTGCCCGAGGACCCGGCAGAAGCTTTCTTTGGACAAGGCACCAGACTCACAGTTGTAG	AGITQSPRHKVTETGTPVTLRCHQTENHRYMYWYRQDPGHGLRLIHYSYGVKDTDKGEVSDGYSVSRSKTEDFLLTLESATSSQTSVYFCARGPGRSFLWTRHQTHSC	TRBV10-3*02	TRBJ1-1*01	TRBD2*02
59	GATGCTGGAGTTATCCAGTCACCCCGGCACGAGGTGACAGAGATGGGACAAGAAGTGACTCTGAGATGTAAACCAATTTCAGGACACGACTACCTTTTCTGGTACAGACAGACCATGATGCGGGGACTGGAGTTGCTCATTTACTTTAACAACAACGTTCCGATAGATGATTCAGGGATGCCCGAGGATCGATTCTCAGCTAAGATGCCTAATGCATCATTCTCCACTCTGAAGATCCAGCCCTCAGAACCCAGGGACTCAGCTGTGTACTTCTGTGCCAGCGCCTGACAGGAGAAATTATAATGAAAAACTGTTTTTTGGCAGTGGAACCCAGCTCTCTGTCTTGG	DAGVIQSPRHEVTEMGQEVTLRCKPISGHDYLFWYRQTMMRGLELLIYFNNNVPIDDSGMPEDRFSAKMPNASFSTLKIQPSEPRDSAVYFCASA*QEKL**KTVFWQWNPALCL	TRBV12-4*01	TRBJ1-4*01	TRBD1*01
60	GGTGCTGTCGTCTCTCAACATCCGAGCTGGGTTATCTGTAAGAGTGGAACCTCTGTGAAGATCGAGTGCCGTTCCCTGGACTTTCAGGCCACAACTATGTTTTGGTATCGTCAGTTCCCGAAACAGAGTCTCATGCTGATGGCAACTTCCAATGAGGGCTCCAAGGCCACATACGAGCAAGGCGTCGAGAAGGACAAGTTTCTCATCAACCATGCAAGCCTGACCTTGTCCACTCTGACAGTGACCAGTGCCCATCCTGAAGACAGCAGCTTCTACATCTGCAGTGCTAGAGAGTTGACAGTAGTTGACCCCTCCACTTTGGGAACGGGACCAGGCTCACTGTGACAG	GAVVSQHPSWVICKSGTSVKIECRSLDFQATTMFWYRQFPKQSLMLMATSNEGSKATYEQGVEKDKFLINHASLTLSTLTVTSAHPEDSSFYICSARELTVVDPSTLGTGPGSL*Q	TRBV20-1*01	TRBJ1-6*02	TRBD1*01
61	GGTGCTGTCGTCTCTCAACATCCGAGCTGGGTTATCTGTAAGAGTGGAACCTCTGTGAAGATCGAGTGCCGTTCCCTGGACTTTCAGGCCACAACTATGTTTTGGTATCGTCAGTTCCCGAAACAGAGTCTCATGCTGATGGCAACTTCCAATGAGGGCTCCAAGGCCACATACGAGCAAGGCGTCGAGAAGGACAAGTTTCTCATCAACCATGCAAGCCTGACCTTGTCCACTCTGACAGTGACCAGTGCCCATCCTGAAGACAGCAGCTTCTACATCTGCAGTGCTACCCTCGCGGGGTTGGAGACCCAGTACTTCGGGCCAGGCACGCGGCTCCTGGTGCTCG	GAVVSQHPSWVICKSGTSVKIECRSLDFQATTMFWYRQFPKQSLMLMATSNEGSKATYEQGVEKDKFLINHASLTLSTLTVTSAHPEDSSFYICSATLAGLETQYFGPGTRLLVL	TRBV20-1*01	TRBJ2-5*01	TRBD2*01
62	AAGGCTGGAGTCACTCAAACTCCAAGATATCTGATCAAAACGAGAGGACAGCAAGTGACACTGAGCTGCTCCCCTATCTCTGGGCATAGGAGTGTATCCTGGTACCAACAGACCCCAGGACAGGGCCTTCAGTTCCTCTTTGAATACTTCAGTGAGACACAGAGAAACAAAGGAAACTTCCCTGGTCGATTCTCAGGGCGCCAGTTCTCTAACTCTCGCTCTGAGATGAATGTGAGCACCTTGGAGCTGGGGGACTCGGCCCTTTATCTTTGCGCCAGCAGACCCCGGAGTTGCAGCTACGAGCAGTACGTCGGGCCGGGCACCAGGCTCACGGTCACAG	KAGVTQTPRYLIKTRGQQVTLSCSPISGHRSVSWYQQTPGQGLQFLFEYFSETQRNKGNFPGRFSGRQFSNSRSEMNVSTLELGDSALYLCASRPRSCSYEQYVGPGTRLTVT	TRBV5-1*01	TRBJ2-7*02	TRBD2*01
63	GGTGCTGTCGTCTCTCAACATCCGAGCTGGGTTATCTGTAAGAGTGGAACCTCTGTGAAGATCGAGTGCCGTTCCCTGGACTTTCAGGCCACAACTATGTTTTGGTATCGTCAGTTCCCGAAACAGAGTCTCATGCTGATGGCAACTTCCAATGAGGGCTCCAAGGCCACATACGAGCAAGGCGTCGAGAAGGACAAGTTTCTCATCAACCATGCAAGCCTGACCTTGTCCACTCTGACAGTGACCAGTGCCCATCCTGAAGACAGCAGCTTCTACATCTGCAGTGCTAGTGCAGGCTGTAGAAAAACTGTTTTTTGGCAGTGGAACCCAGCTCTCTGTCTTGG	GAVVSQHPSWVICKSGTSVKIECRSLDFQATTMFWYRQFPKQSLMLMATSNEGSKATYEQGVEKDKFLINHASLTLSTLTVTSAHPEDSSFYICSASAGCRKTVFWQWNPALCL	TRBV20-1*01	TRBJ1-4*01	TRBD2*02
64	GAAACGGGAGTTACGCAGACACCAAGACACCTGGTCATGGGAATGACAAATAAGAAGTCTTTGAAATGTGAACAACATCTGGGTCATAACGCTATGTATTGGTACAAGCAAAGTGCTAAGAAGCCACTGGAGCTCATGTTTGTCTACAGTCTTGAAGAACGGGTTGAAAACAACAGTGTGCCAAGTCGCTTCTCACCTGAATGCCCCAACAGCTCTCACTTATCCCTTCACCTACACACCCTGCAGCCAGAAGACTCGGCCCTGTATCTCTGCGCCAGCAGCCCCAGAGAAGCTCCTATAATTCACCCCTCCACTTTGGGAATGGGACCAGGCTCACTGTGACAG	ETGVTQTPRHLVMGMTNKKSLKCEQHLGHNAMYWYKQSAKKPLELMFVYSLEERVENNSVPSRFSPECPNSSHLSLHLHTLQPEDSALYLCASSPREAPIIHPSTLGMGPGSL*Q	TRBV4-3*02	TRBJ1-6*01	TRBD2*01
65	GATGCTAGAGTCACCCAGACACCAAGGCACAAGGTGACAGAGATGGGACAAGAAGTAACAATGAGATGTCAGCCAATTTTAGGCCACAATACTGTTTTCTGGTACAGACAGACCATGATGCAAGGACTGGAGTTGCTGGCTTACTTCCGCAACCGGGCTCCTCTAGATGATTCGGGGATGCCGAAGGATCGATTCTCAGCAGAGATGCCTGATGCAACTTTAGCCACTCTGAAGATCCAGCCCTCAGAACCCAGGGACTCAGCTGTGTATTTTTGTGCTAGTGGTTTGTGTTTACAGGGGGGGGAAAGCTATGGCTACACCTTCGGTTCGGGGACCAGGTTAACCGTTGTAG	DARVTQTPRHKVTEMGQEVTMRCQPILGHNTVFWYRQTMMQGLELLAYFRNRAPLDDSGMPKDRFSAEMPDATLATLKIQPSEPRDSAVYFCASGLCLQGGESYGYTFGSGTRLTVV	TRBV12-5*01	TRBJ1-2*01	TRBD1*01
66	TCTCAGACTATTCATCAATGGCCAGCGACCCTGGTGCAGCCTGTGGGCAGCCCGCTCTCTCTGGAGTGCACTGTGGAGGGAACATCAAACCCCAACCTATACTGGTACCGACAGGCTGCAGGCAGGGGCCTCCAGCTGCTCTTCTACTCCGTTGGTATTGGCCAGATCAGCTCTGAGGTGCCCCAGAATCTCTCAGCCTCCAGACCCCAGGACCGGCAGTTCATCCTGAGTTCTAAGAAGCTCCTTCTCAGTGACTCTGGCTTCTATCTCTGTGCCTGGAGTCGGGGAGTCCTACGAGCAGTACGTCGGGCCGGGCACCAGGCTCACGGTCACAG	SQTIHQWPATLVQPVGSPLSLECTVEGTSNPNLYWYRQAAGRGLQLLFYSVGIGQISSEVPQNLSASRPQDRQFILSSKKLLLSDSGFYLCAWSRGVLRAVRRAGHQAHGH	TRBV30*01	TRBJ2-7*02	TRBD2*02
67	GATGCTGATGTTACCCAGACCCCAAGGAATAGGATCACAAAGACAGGAAAGAGGATTATGCTGGAATGTTCTCAGACTAAGGGTCATGATAGAATGTACTGGTATCGACAAGACCCAGGACTGGGCCTACGGTTGATCTATTACTCCTTTGATGTCAAAGATATAAACAAAGGAGAGATCTCTGATGGATACAGTGTCTCTCGACAGGCACAGGCTAAATTCTCCCTGTCCCTAGAGTCTGCCATCCCCAACCAGACAGCTCTTTACTTCTGTGCCACCAGTGAGGGGGATGACGAGCAGTACTTCGGGCCGGGCACCAGGCTCACGGTCACAG	DADVTQTPRNRITKTGKRIMLECSQTKGHDRMYWYRQDPGLGLRLIYYSFDVKDINKGEISDGYSVSRQAQAKFSLSLESAIPNQTALYFCATSEGDDEQYFGPGTRLTVT	TRBV24-1*01	TRBJ2-7*01	TRBD1*01
68	GAAGCTGGAGTTACTCAGTTCCCCAGCCACAGCGTAATAGAGAAGGGCCAGACTGTGACTCTGAGATGTGACCCAATTTCTGGACATGATAATCTTTATTGGTATCGACGTGTTATGGGAAAAGAAATAAAATTTCTGTTACATTTTGTGAAAGAGTCTAAACAGGATGAGTCCGGTATGCCCAACAATCGATTCTTAGCTGAAAGGACTGGAGGGACGTATTCTACTCTGAAGGTGCAGCCTGCAGAACTGGAGGATTCTGGAGTTTATTTCTGTGCCACCTGCACTAGGGGTACTACGAGCAGTACTTCGGGCCGGGCACCAGGCTCACGGTCACAG	EAGVTQFPSHSVIEKGQTVTLRCDPISGHDNLYWYRRVMGKEIKFLLHFVKESKQDESGMPNNRFLAERTGGTYSTLKVQPAELEDSGVYFCATCTRGTTSSTSGRAPGSRSQ	TRBV14*01	TRBJ2-7*01	TRBD2*02
69	GGTGCTGTCGTCTCTCAACATCCGAGCTGGGTTATCTGTAAGAGTGGAACCTCTGTGAAGATCGAGTGCCGTTCCCTGGACTTTCAGGCCACAACTATGTTTTGGTATCGTCAGTTCCCGAAACAGAGTCTCATGCTGATGGCAACTTCCAATGAGGGCTCCAAGGCCACATACGAGCAAGGCGTCGAGAAGGACAAGTTTCTCATCAACCATGCAAGCCTGACCTTGTCCACTCTGACAGTGACCAGTGCCCATCCTGAAGACAGCAGCTTCTACATCTGCAGTGCTATGGGGCTAGCGGGGGGGCCTAGGGATGAGACCCAGTACTTCGGGCCAGGCACGCGGCTCCTGGTGCTCG	GAVVSQHPSWVICKSGTSVKIECRSLDFQATTMFWYRQFPKQSLMLMATSNEGSKATYEQGVEKDKFLINHASLTLSTLTVTSAHPEDSSFYICSAMGLAGGPRDETQYFGPGTRLLVL	TRBV20-1*01	TRBJ2-5*01	TRBD2*01
70	CATGCCAAAGTCACACAGACTCCAGGACATTTGGTCAAAGGAAAAGGACAGAAAACAAAGATGGATTGTACCCCCGAAAAAGGACATACTTTTGTTTATTGGTATCAACAGAATCAGAATAAAGAGTTTATGCTTTTGATTTCCTTTCAGAATGAACAAGTTCTTCAAGAAACGGAGATGCACAAGAAGCGATTCTCATCTCAATGCCCCAAGAACGCACCCTGCAGCCTGGCAATCCTGTCCTCAGAACCGGGAGACACGGCACTGTATCTCTGCGCCAGCAGTCTAATAGGGACCAGGCGTGAGCAGTTCTTCGGGCCAGGGACACGGCTCACCGTGCTAG	HAKVTQTPGHLVKGKGQKTKMDCTPEKGHTFVYWYQQNQNKEFMLLISFQNEQVLQETEMHKKRFSSQCPKNAPCSLAILSSEPGDTALYLCASSLIGTRREQFFGPGTRLTVL	TRBV23-1*01	TRBJ2-1*01	TRBD2*02
71	GGTGCTGGAGTCTCCCAGACCCCCAGTAACAAGGTCACAGAGAAGGGAAAATATGTAGAGCTCAGGTGTGATCCAATTTCAGGTCATACTGCCCTTTACTGGTACCGACAAAGCCTGGGGCAGGGCCCAGAGTTTCTAATTTACTTCCAAGGCACGGGTGCGGCAGATGACTCAGGGCTGCCCAACGATCGGTTCTTTGCAGTCAGGCCTGAGGGATCCGTCTCTACTCTGAAGATCCAGCGCACAGAGCGGGGGGACTCAGCCGTGTATCTCTGTGCCAGCAGCTTAACGCAGGGAGTGACTAATGAAAAACTGTTTTTTGGCAGTGGAACCCAGCTCTCTGTCTTGG	GAGVSQTPSNKVTEKGKYVELRCDPISGHTALYWYRQSLGQGPEFLIYFQGTGAADDSGLPNDRFFAVRPEGSVSTLKIQRTERGDSAVYLCASSLTQGVTNEKLFFGSGTQLSVL	TRBV7-3*01	TRBJ1-4*01	TRBD1*01
72	GATGCTAGAGTCACCCAGACACCAAGGCACAAGGTGACAGAGATGGGACAAGAAGTAACAATGAGATGTCAGCCAATTTTAGGCCACAATACTGTTTTCTGGTACAGACAGACCATGATGCAAGGACTGGAGTTGCTGGCTTACTTCCGCAACCGGGCTCCTCTAGATGATTCGGGGATGCCGAAGGATCGATTCTCAGCAGAGATGCCTGATGCAACTTTAGCCACTCTGAAGATCCAGCCCTCAGAACCCAGGGACTCAGCTGTGTATTTTTGTGCTAGTGGTTTGCCACAGGGGAAATCAGCCCCAGCATTTTGGTGATGGGACTCGACTCTCCATCCTAG	DARVTQTPRHKVTEMGQEVTMRCQPILGHNTVFWYRQTMMQGLELLAYFRNRAPLDDSGMPKDRFSAEMPDATLATLKIQPSEPRDSAVYFCASGLPQGKSAPAFW*WDSTLHP	TRBV12-5*01	TRBJ1-5*01	TRBD1*01
73	GGTGCTGTCGTCTCTCAACATCCGAGCTGGGTTATCTGTAAGAGTGGAACCTCTGTGAAGATCGAGTGCCGTTCCCTGGACTTTCAGGCCACAACTATGTTTTGGTATCGTCAGTTCCCGAAACAGAGTCTCATGCTGATGGCAACTTCCAATGAGGGCTCCAAGGCCACATACGAGCAAGGCGTCGAGAAGGACAAGTTTCTCATCAACCATGCAAGCCTGACCTTGTCCACTCTGACAGTGACCAGTGCCCATCCTGAAGACAGCAGCTTCTACATCTGCAGTGCTCCAACCGGGTTGGGCGTCGGAACACTGAAGCTTTCTTTGGACAAGGCACCAGACTCACAGTTGTAG	GAVVSQHPSWVICKSGTSVKIECRSLDFQATTMFWYRQFPKQSLMLMATSNEGSKATYEQGVEKDKFLINHASLTLSTLTVTSAHPEDSSFYICSAPTGLGVGTLKLSLDKAPDSQL*	TRBV20-1*01	TRBJ1-1*01	TRBD2*02
74	GGAGCTGGAGTCTCCCAGTCCCCCAGTAACAAGGTCACAGAGAAGGGAAAGGATGTAGAGCTCAGGTGTGATCCAATTTCAGGTCATACTGCCCTTTACTGGTACCGACAGAGCCTGGGGCAGGGCCTGGAGTTTTTAATTTACTTCCAAGGCAACAGTGCACCAGACAAATCAGGGCTGCCCAGTGATCGCTTCTCTGCAGAGAGGACTGGGGGATCCGTCTCCACTCTGACGATCCAGCGCACACAGCAGGAGGACTCGGCCGTGTATCTCTGTGCCAGCAGCCGGGGTCGCTGGGGCCAACGTCCTGACTTTCGGGGCCGGCAGCAGGCTGACCGTGCTGG	GAGVSQSPSNKVTEKGKDVELRCDPISGHTALYWYRQSLGQGLEFLIYFQGNSAPDKSGLPSDRFSAERTGGSVSTLTIQRTQQEDSAVYLCASSRGRWGQRPDFRGRQQADRA	TRBV7-2*01	TRBJ2-6*01	TRBD1*01
75	GGTGCTGGAGTCTCCCAGACCCCCAGTAACAAGGTCACAGAGAAGGGAAAATATGTAGAGCTCAGGTGTGATCCAATTTCAGGTCATACTGCCCTTTACTGGTACCGACAAAGCCTGGGGCAGGGCCCAGAGTTTCTAATTTACTTCCAAGGCACGGGTGCGGCAGATGACTCAGGGCTGCCCAACGATCGGTTCTTTGCAGTCAGGCCTGAGGGATCCGTCTCTACTCTGAAGATCCAGCGCACAGAGCGGGGGGACTCAGCCGTGTATCTCTGTGCCAGCAGCCCCTTAATCTTACAGGGGGCATGGCTACACCTTCGGTTCGGGGACCAGGTTAACCGTTGTAG	GAGVSQTPSNKVTEKGKYVELRCDPISGHTALYWYRQSLGQGPEFLIYFQGTGAADDSGLPNDRFFAVRPEGSVSTLKIQRTERGDSAVYLCASSPLILQGAWLHLRFGDQVNRC	TRBV7-3*01	TRBJ1-2*01	TRBD1*01
76	GGTGCTGGAGTCTCCCAGTCTCCCAGGTACAAAGTCACAAAGAGGGGACAGGATGTAGCTCTCAGGTGTGATCCAATTTCGGGTCATGTATCCCTTTATTGGTACCGACAGGCCCTGGGGCAGGGCCCAGAGTTTCTGACTTACTTCAATTATGAAGCCCAACAAGACAAATCAGGGCTGCCCAATGATCGGTTCTCTGCAGAGAGGCCTGAGGGATCCATCTCCACTCTGACGATCCAGCGCACAGAGCAGCGGGACTCGGCCATGTATCGCTGTGCCAGCAGCTTTACAGGGTTAAAATGGCTACACCTTCGGTTCGGGGACCAGGTTAACCGTTGTAG	GAGVSQSPRYKVTKRGQDVALRCDPISGHVSLYWYRQALGQGPEFLTYFNYEAQQDKSGLPNDRFSAERPEGSISTLTIQRTEQRDSAMYRCASSFTGLKWLHLRFGDQVNRC	TRBV7-6*01	TRBJ1-2*01	TRBD1*01
77	CATGCCAAAGTCACACAGACTCCAGGACATTTGGTCAAAGGAAAAGGACAGAAAACAAAGATGGATTGTACCCCCGAAAAAGGACATACTTTTGTTTATTGGTATCAACAGAATCAGAATAAAGAGTTTATGCTTTTGATTTCCTTTCAGAATGAACAAGTTCTTCAAGAAACGGAGATGCACAAGAAGCGATTCTCATCTCAATGCCCCAAGAACGCACCCTGCAGCCTGGCAATCCTGTCCTCAGAACCGGGAGACACGGCACTGTATCTCTGCGCCAGTTACGCCCACGGGCCAAGAAATACGCAGTATTTTGGCCCAGGCACCCGGCTGACAGTGCTCG	HAKVTQTPGHLVKGKGQKTKMDCTPEKGHTFVYWYQQNQNKEFMLLISFQNEQVLQETEMHKKRFSSQCPKNAPCSLAILSSEPGDTALYLCASYAHGPRNTQYFGPGTRLTVL	TRBV23-1*01	TRBJ2-3*01	TRBD1*01
78	GATGCTGGAATCACCCAGAGCCCAAGACACAAGGTCACAGAGACAGGAACACCAGTGACTCTGAGATGTCACCAGACTGAGAACCACCGCTATATGTACTGGTATCGACAAGACCCGGGGCATGGGCTGAGGCTGATCCATTACTCATATGGTGTTAAAGATACTGACAAAGGAGAAGTCTCAGATGGCTATAGTGTCTCTAGATCAAAGACAGAGGATTTCCTCCTCACTCTGGAGTCCGCTACCAGCTCCCAGACATCTGTGTACTTCTGTGCCATCAGTGAGTGGAGTGACAGGGGCACGACTCTGGAAACACCATATATTTTGGAGAGGGAAGTTGGCTCACTGTTGTAG	DAGITQSPRHKVTETGTPVTLRCHQTENHRYMYWYRQDPGHGLRLIHYSYGVKDTDKGEVSDGYSVSRSKTEDFLLTLESATSSQTSVYFCAISEWSDRGTTLETPYILEREVGSLL*	TRBV10-3*01	TRBJ1-3*01	TRBD1*01
79	AAGGCTGGAGTCACTCAAACTCCAAGATATCTGATCAAAACGAGAGGACAGCAAGTGACACTGAGCTGCTCCCCTATCTCTGGGCATAGGAGTGTATCCTGGTACCAACAGACCCCAGGACAGGGCCTTCAGTTCCTCTTTGAATACTTCAGTGAGACACAGAGAAACAAAGGAAACTTCCCTGGTCGATTCTCAGGGCGCCAGTTCTCTAACTCTCGCTCTGAGATGAATGTGAGCACCTTGGAGCTGGGGGACTCGGCCCTTTATCTTTGCGCCAGCAGCAAAGACAGGGGCATCCTATAATTCACCCCTCCACTTTGGGAACGGGACCAGGCTCACTGTGACAG	KAGVTQTPRYLIKTRGQQVTLSCSPISGHRSVSWYQQTPGQGLQFLFEYFSETQRNKGNFPGRFSGRQFSNSRSEMNVSTLELGDSALYLCASSKDRGIL*FTPPLWERDQAHCD	TRBV5-1*01	TRBJ1-6*02	TRBD1*01
80	GATGCTGAAATCACCCAGAGCCCAAGACACAAGATCACAGAGACAGGAAGGCAGGTGACCTTGGCGTGTCACCAGACTTGGAACCACAACAATATGTTCTGGTATCGACAAGACCTGGGACATGGGCTGAGGCTGATCCATTACTCATATGGTGTTCACGACACTAACAAAGGAGAAGTCTCAGATGGCTACAGTGTCTCTAGATCAAACACAGAGGACCTCCCCCTCACTCTGGAGTCTGCTGCCTCCTCCCAGACATCTGTATATTTCTGCGCCAGCAGGAAAGGTTAAGAGACCCAGTACTTCGGGCCAGGCACGCGGCTCCTGGTGCTCG	DAEITQSPRHKITETGRQVTLACHQTWNHNNMFWYRQDLGHGLRLIHYSYGVHDTNKGEVSDGYSVSRSNTEDLPLTLESAASSQTSVYFCASRKG*ETQYFGPGTRLLVL	TRBV10-1*02	TRBJ2-5*01	TRBD2*02
81	AATGCCGGCGTCATGCAGAACCCAAGACACCTGGTCAGGAGGAGGGGACAGGAGGCAAGACTGAGATGCAGCCCAATGAAAGGACACAGTCATGTTTACTGGTATCGGCAGCTCCCAGAGGAAGGTCTGAAATTCATGGTTTATCTCCAGAAAGAAAATATCATAGATGAGTCAGGAATGCCAAAGGAACGATTTTCTGCTGAATTTCCCAAAGAGGGCCCCAGCATCCTGAGGATCCAGCAGGTAGTGCGAGGAGATTCGGCAGCTTATTTCTGTGCCAGCTCCCTCCTCCTCGAGTGAGGGAATGCATTTTGGTGATGGGACTCGACTCTCCATCCTAG	NAGVMQNPRHLVRRRGQEARLRCSPMKGHSHVYWYRQLPEEGLKFMVYLQKENIIDESGMPKERFSAEFPKEGPSILRIQQVVRGDSAAYFCASSLLLE*GNAFW*WDSTLHP	TRBV18*01	TRBJ1-5*01	TRBD2*02
82	GGTGCTGTCGTCTCTCAACATCCGAGCTGGGTTATCTGTAAGAGTGGAACCTCTGTGAAGATCGAGTGCCGTTCCCTGGACTTTCAGGCCACAACTATGTTTTGGTATCGTCAGTTCCCGAAACAGAGTCTCATGCTGATGGCAACTTCCAATGAGGGCTCCAAGGCCACATACGAGCAAGGCGTCGAGAAGGACAAGTTTCTCATCAACCATGCAAGCCTGACCTTGTCCACTCTGACAGTGACCAGTGCCCATCCTGAAGACAGCAGCTTCTACATCTGCAGTGCTAGACGCAGGATCGGAGGACGCTACAATGAGCAGTTCTTCGGGCCAGGGACACGGCTCACCGTGCTAG	GAVVSQHPSWVICKSGTSVKIECRSLDFQATTMFWYRQFPKQSLMLMATSNEGSKATYEQGVEKDKFLINHASLTLSTLTVTSAHPEDSSFYICSARRRIGGRYNEQFFGPGTRLTVL	TRBV20-1*01	TRBJ2-1*01	TRBD1*01
83	AAGGCTGGAGTCACTCAAACTCCAAGATATCTGATCAAAACGAGAGGACAGCAAGTGACACTGAGCTGCTCCCCTATCTCTGGGCATAGGAGTGTATCCTGGTACCAACAGACCCCAGGACAGGGCCTTCAGTTCCTCTTTGAATACTTCAGTGAGACACAGAGAAACAAAGGAAACTTCCCTGGTCGATTCTCAGGGCGCCAGTTCTCTAACTCTCGCTCTGAGATGAATGTGAGCACCTTGGAGCTGGGGGACTCGGCCCTTTATCTTTGCGCCAGCAGCTGGTGGGGGTTTGGTATGATGAACACTGAAGCTTTCTTTGGACAAGGCACCAGACTCACAGTTGTAG	KAGVTQTPRYLIKTRGQQVTLSCSPISGHRSVSWYQQTPGQGLQFLFEYFSETQRNKGNFPGRFSGRQFSNSRSEMNVSTLELGDSALYLCASSWWGFGMMNTEAFFGQGTRLTVV	TRBV5-1*01	TRBJ1-1*01	TRBD1*01
84	GAACCTGAAGTCACCCAGACTCCCAGCCATCAGGTCACACAGATGGGACAGGAAGTGATCTTGCGCTGTGTCCCCATCTCTAATCACTTATACTTCTATTGGTACAGACAAATCTTGGGGCAGAAAGTCGAGTTTCTGGTTTCCTTTTATAATAATGAAATCTCAGAGAAGTCTGAAATATTCGATGATCAATTCTCAGTTGAGAGGCCTGATGGATCAAATTTCACTCTGAAGATCCGGTCCACAAAGCTGGAGGACTCAGCCATGTACTTCTGTGCCAGCAGTGATATCCCCTAGCGGGGAAAATCTCCTACAATGAGCAGTTCTTCGGGCCAGGGACACGGCTCACCGTGCTAG	EPEVTQTPSHQVTQMGQEVILRCVPISNHLYFYWYRQILGQKVEFLVSFYNNEISEKSEIFDDQFSVERPDGSNFTLKIRSTKLEDSAMYFCASSDIP*RGKSPTMSSSSGQGHGSPC*	TRBV2*03	TRBJ2-1*01	TRBD2*01
85	GATGCTGGAGTTATCCAGTCACCCCGGCACGAGGTGACAGAGATGGGACAAGAAGTGACTCTGAGATGTAAACCAATTTCAGGACACGACTACCTTTTCTGGTACAGACAGACCATGATGCGGGGACTGGAGTTGCTCATTTACTTTAACAACAACGTTCCGATAGATGATTCAGGGATGCCCGAGGATCGATTCTCAGCTAAGATGCCTAATGCATCATTCTCCACTCTGAAGATCCAGCCCTCAGAACCCAGGGACTCAGCTGTGTACTTCTGTGCCAGCATACCAAGGCAGGGAAAAACTGTTTTTTGGCAGTGGAACCCAGCTCTCTGTCTTGG	DAGVIQSPRHEVTEMGQEVTLRCKPISGHDYLFWYRQTMMRGLELLIYFNNNVPIDDSGMPEDRFSAKMPNASFSTLKIQPSEPRDSAVYFCASIPRQGKTVFWQWNPALCL	TRBV12-4*01	TRBJ1-4*01	TRBD1*01
86	GGTGCTGTCGTCTCTCAACATCCGAGCTGGGTTATCTGTAAGAGTGGAACCTCTGTGAAGATCGAGTGCCGTTCCCTGGACTTTCAGGCCACAACTATGTTTTGGTATCGTCAGTTCCCGAAACAGAGTCTCATGCTGATGGCAACTTCCAATGAGGGCTCCAAGGCCACATACGAGCAAGGCGTCGAGAAGGACAAGTTTCTCATCAACCATGCAAGCCTGACCTTGTCCACTCTGACAGTGACCAGTGCCCATCCTGAAGACAGCAGCTTCTACATCTGCAGTATCATGGAGCAAGGGAGAGCACTGAAGCTTTCTTTGGACAAGGCACCAGACTCACAGTTGTAG	GAVVSQHPSWVICKSGTSVKIECRSLDFQATTMFWYRQFPKQSLMLMATSNEGSKATYEQGVEKDKFLINHASLTLSTLTVTSAHPEDSSFYICSIMEQGRALKLSLDKAPDSQL*	TRBV20-1*01	TRBJ1-1*01	TRBD2*02
87	GGTGCTGGAGTCTCCCAGTCCCCAAGGTACAAAGTCGCAAAGAGGGGACGGGATGTAGCTCTCAGGTGTGATTCAATTTCGGGTCATGTAACCCTTTATTGGTACCGACAGACCCTGGGGCAGGGCTCAGAGGTTCTGACTTACTCCCAGAGTGATGCTCAACGAGACAAATCAGGGCGGCCCAGTGGTCGGTTCTCTGCAGAGAGGCCTGAGAGATCCGTCTCCACTCTGAAGATCCAGCGCACAGAGCAGGGGGACTCAGCTGTGTATCTCTGTGCCAGCAGCTTAAAGTAAAACTCCCGACTAGCGGGGTTGGTACATGAGCAGTTCTTCGGGCCAGGGACACGGCTCACCGTGCTAG	GAGVSQSPRYKVAKRGRDVALRCDSISGHVTLYWYRQTLGQGSEVLTYSQSDAQRDKSGRPSGRFSAERPERSVSTLKIQRTEQGDSAVYLCASSLK*NSRLAGLVHEQFFGPGTRLTVL	TRBV7-4*01	TRBJ2-1*01	TRBD2*01
88	GGTGCTGTCGTCTCTCAACATCCGAGCTGGGTTATCTGTAAGAGTGGAACCTCTGTGAAGATCGAGTGCCGTTCCCTGGACTTTCAGGCCACAACTATGTTTTGGTATCGTCAGTTCCCGAAACAGAGTCTCATGCTGATGGCAACTTCCAATGAGGGCTCCAAGGCCACATACGAGCAAGGCGTCGAGAAGGACAAGTTTCTCATCAACCATGCAAGCCTGACCTTGTCCACTCTGACAGTGACCAGTGCCCATCCTGAAGACAGCAGCTTCTACATCTGCAGTGCTAGACGTCGGGGGGACCTCACCCCTCCACTTTGGGAACGGGACCAGGCTCACTGTGACAG	GAVVSQHPSWVICKSGTSVKIECRSLDFQATTMFWYRQFPKQSLMLMATSNEGSKATYEQGVEKDKFLINHASLTLSTLTVTSAHPEDSSFYICSARRRGDLTPPLWERDQAHCD	TRBV20-1*01	TRBJ1-6*02	TRBD2*01
89	GGTGCTGTCGTCTCTCAACATCCGAGCTGGGTTATCTGTAAGAGTGGAACCTCTGTGAAGATCGAGTGCCGTTCCCTGGACTTTCAGGCCACAACTATGTTTTGGTATCGTCAGTTCCCGAAACAGAGTCTCATGCTGATGGCAACTTCCAATGAGGGCTCCAAGGCCACATACGAGCAAGGCGTCGAGAAGGACAAGTTTCTCATCAACCATGCAAGCCTGACCTTGTCCACTCTGACAGTGACCAGTGCCCATCCTGAAGACAGCAGCTTCTACATCTGCAGTGCTAGGACAGGGAGGGATCAGCCCCAGCATTTTGGTGATGGGACTCGACTCTCCATCCTAG	GAVVSQHPSWVICKSGTSVKIECRSLDFQATTMFWYRQFPKQSLMLMATSNEGSKATYEQGVEKDKFLINHASLTLSTLTVTSAHPEDSSFYICSARTGRDQPQHFGDGTRLSIL	TRBV20-1*01	TRBJ1-5*01	TRBD1*01
90	GATGCTAGAGTCACCCAGACACCAAGGCACAAGGTGACAGAGATGGGACAAGAAGTAACAATGAGATGTCAGCCAATTTTAGGCCACAATACTGTTTTCTGGTACAGACAGACCATGATGCAAGGACTGGAGTTGCTGGCTTACTTCCGCAACCGGGCTCCTCTAGATGATTCGGGGATGCCGAAGGATCGATTCTCAGCAGAGATGCCTGATGCAACTTTAGCCACTCTGAAGATCCAGCCCTCAGAACCCAGGGACTCAGCTGTGTATTTTTGTGCTAGTGGTGATTAGAAACAGGGGGCTCCGATCAGCCCCAGCATTTTGGTGATGGGACTCGACTCTCCATCCTAG	DARVTQTPRHKVTEMGQEVTMRCQPILGHNTVFWYRQTMMQGLELLAYFRNRAPLDDSGMPKDRFSAEMPDATLATLKIQPSEPRDSAVYFCASGD*KQGAPISPSILVMGLDSPS*	TRBV12-5*01	TRBJ1-5*01	TRBD1*01
91	GATGTGAAAGTAACCCAGAGCTCGAGATATCTAGTCAAAAGGACGGGAGAGAAAGTTTTTCTGGAATGTGTCCAGGATATGGACCATGAAAATATGTTCTGGTATCGACAAGACCCAGGTCTGGGGCTACGGCTGATCTATTTCTCATATGATGTTAAAATGAAAGAAAAAGGAGATATTCCTGAGGGGTACAGTGTCTCTAGAGAGAAGAAGGAGCGCTTCTCCCTGATTCTGGAGTCCGCCAGCACCAACCAGACATCTATGTACCTCTGTGCCAGCAGGGAGGTCCGGGATCGAAGGATACAATGAGCAGTTCTTCGGGCCAGGGACACGGCTCACCGTGCTAG	DVKVTQSSRYLVKRTGEKVFLECVQDMDHENMFWYRQDPGLGLRLIYFSYDVKMKEKGDIPEGYSVSREKKERFSLILESASTNQTSMYLCASREVRDRRIQ*AVLRARDTAHRA	TRBV28*01	TRBJ2-1*01	TRBD2*02
92	GAAACGGGAGTTACGCAGACACCAAGACACCTGGTCATGGGAATGACAAATAAGAAGTCTTTGAAATGTGAACAACATCTGGGTCATAACGCTATGTATTGGTACAAGCAAAGTGCTAAGAAGCCACTGGAGCTCATGTTTGTCTACAGTCTTGAAGAACGGGTTGAAAACAACAGTGTGCCAAGTCGCTTCTCACCTGAATGCCCCAACAGCTCTCACTTATCCCTTCACCTACACACCCTGCAGCCAGAAGACTCGGCCCTGTATCTCTGCGCCAGCAGCCAAGATGACTAGCGGGGGTCCCTACGAGCAGTACGTCGGGCCGGGCACCAGGCTCACGGTCACAG	ETGVTQTPRHLVMGMTNKKSLKCEQHLGHNAMYWYKQSAKKPLELMFVYSLEERVENNSVPSRFSPECPNSSHLSLHLHTLQPEDSALYLCASSQDD*RGSLRAVRRAGHQAHGH	TRBV4-3*02	TRBJ2-7*02	TRBD2*01
93	AATGCTGGTGTCACTCAGACCCCAAAATTCCGGGTCCTGAAGACAGGACAGAGCATGACACTGCTGTGTGCCCAGGATATGAACCATGAATACATGTACTGGTATCGACAAGACCCAGGCATGGGGCTGAGGCTGATTCATTACTCAGTTGGTGAGGGTACAACTGCCAAAGGAGAGGTCCCTGATGGCTACAATGTCTCCAGATTAAAAAAACAGAATTTCCTGCTGGGGTTGGAGTCGGCTGCTCCCTCCCAAACATCTGTGTACTTCTGTGCCAGCAGAGGACAGGAAAGAGATACGCAGTATTTTGGCCCAGGCACCCGGCTGACAGTGCTCG	NAGVTQTPKFRVLKTGQSMTLLCAQDMNHEYMYWYRQDPGMGLRLIHYSVGEGTTAKGEVPDGYNVSRLKKQNFLLGLESAAPSQTSVYFCASRGQERDTQYFGPGTRLTVL	TRBV6-3*01	TRBJ2-3*01	TRBD1*01
94	ACTGAAGTTACCCAGACACCAAAACACCTGGTCATGGGAATGACAAATAAGAAGTCTTTGAAATGTGAACAACATATGGGGCACAGGGCTATGTATTGGTACAAGCAGAAAGCTAAGAAGCCACCGGAGCTCATGTTTGTCTACAGCTATGAGAAACTCTCTATAAATGAAAGTGTGCCAAGTCGCTTCTCACCTGAATGCCCCAACAGCTCTCTCTTAAACCTTCACCTACACGCCCTGCAGCCAGAAGACTCAGCCCTGTATCTCTGCGCCAGCAGCCAAGCAGGATCCACACCGGGGAGCTGTTTTTTGGAGAAGGCTCTAGGCTGACCGTACTGG	TEVTQTPKHLVMGMTNKKSLKCEQHMGHRAMYWYKQKAKKPPELMFVYSYEKLSINESVPSRFSPECPNSSLLNLHLHALQPEDSALYLCASSQAGSTPGSCFLEKALG*PYW	TRBV4-1*01	TRBJ2-2*01	TRBD1*01
95	GAGACTGGAGTCACCCAAAGTCCCACACACCTGATCAAAACGAGAGGACAGCAAGTGACTCTGAGATGCTCTTCTCAGTCTGGGCACAACACTGTGTCCTGGTACCAACAGGCCCTGGGTCAGGGGCCCCAGTTTATCTTTCAGTATTATAGGGAGGAAGAGAATGGCAGAGGAAACTTCCCTCCTAGATTCTCAGGTCTCCAGTTCCCTAATTATAACTCTGAGCTGAATGTGAACGCCTTGGAGCTGGACGACTCGGCCCTGTATCTCTGTGCCAGCAGCTTCCGGGCTACCGGGGAAAGGACTACGAGCAGTACGTCGGGCCGGGCACCAGGCTCACGGTCACAG	ETGVTQSPTHLIKTRGQQVTLRCSSQSGHNTVSWYQQALGQGPQFIFQYYREEENGRGNFPPRFSGLQFPNYNSELNVNALELDDSALYLCASSFRATGERTTSSTSGRAPGSRSQ	TRBV5-4*02	TRBJ2-7*02	TRBD1*01
96	GGTGCTGTCGTCTCTCAACATCCGAGCTGGGTTATCTGTAAGAGTGGAACCTCTGTGAAGATCGAGTGCCGTTCCCTGGACTTTCAGGCCACAACTATGTTTTGGTATCGTCAGTTCCCGAAACAGAGTCTCATGCTGATGGCAACTTCCAATGAGGGCTCCAAGGCCACATACGAGCAAGGCGTCGAGAAGGACAAGTTTCTCATCAACCATGCAAGCCTGACCTTGTCCACTCTGACAGTGACCAGTGCCCATCCTGAAGACAGCAGCTTCTACATCTGCAGTGCTACGATGACCAGGGTTATACGCAGTATTTTGGCCCAGGCACCCGGCTGACAGTGCTCG	GAVVSQHPSWVICKSGTSVKIECRSLDFQATTMFWYRQFPKQSLMLMATSNEGSKATYEQGVEKDKFLINHASLTLSTLTVTSAHPEDSSFYICSATMTRVIRSILAQAPG*QCS	TRBV20-1*01	TRBJ2-3*01	TRBD2*01
97	CATGCCAAAGTCACACAGACTCCAGGACATTTGGTCAAAGGAAAAGGACAGAAAACAAAGATGGATTGTACCCCCGAAAAAGGACATACTTTTGTTTATTGGTATCAACAGAATCAGAATAAAGAGTTTATGCTTTTGATTTCCTTTCAGAATGAACAAGTTCTTCAAGAAACGGAGATGCACAAGAAGCGATTCTCATCTCAATGCCCCAAGAACGCACCCTGCAGCCTGGCAATCCTGTCCTCAGAACCGGGAGACACGGCACTGTATCTCTGCGCCAGCAGTTCCGGGACGATCACCCCTCCACTTTGGGAATGGGACCAGGCTCACTGTGACAG	HAKVTQTPGHLVKGKGQKTKMDCTPEKGHTFVYWYQQNQNKEFMLLISFQNEQVLQETEMHKKRFSSQCPKNAPCSLAILSSEPGDTALYLCASSSGTITPPLWEWDQAHCD	TRBV23-1*01	TRBJ1-6*01	TRBD1*01
98	GGTGCTGTCGTCTCTCAACATCCGAGCTGGGTTATCTGTAAGAGTGGAACCTCTGTGAAGATCGAGTGCCGTTCCCTGGACTTTCAGGCCACAACTATGTTTTGGTATCGTCAGTTCCCGAAACAGAGTCTCATGCTGATGGCAACTTCCAATGAGGGCTCCAAGGCCACATACGAGCAAGGCGTCGAGAAGGACAAGTTTCTCATCAACCATGCAAGCCTGACCTTGTCCACTCTGACAGTGACCAGTGCCCATCCTGAAGACAGCAGCTTCTACATCTGCAGTGCTAGCGCGGGACTACGAGCAGTACTTCGGGCCGGGCACCAGGCTCACGGTCACAG	GAVVSQHPSWVICKSGTSVKIECRSLDFQATTMFWYRQFPKQSLMLMATSNEGSKATYEQGVEKDKFLINHASLTLSTLTVTSAHPEDSSFYICSASAGLRAVLRAGHQAHGH	TRBV20-1*01	TRBJ2-7*01	TRBD2*02
99	AATGCCGGCGTCATGCAGAACCCAAGACACCTGGTCAGGAGGAGGGGACAGGAGGCAAGACTGAGATGCAGCCCAATGAAAGGACACAGTCATGTTTACTGGTATCGGCAGCTCCCAGAGGAAGGTCTGAAATTCATGGTTTATCTCCAGAAAGAAAATATCATAGATGAGTCAGGAATGCCAAAGGAACGATTTTCTGCTGAATTTCCCAAAGAGGGCCCCAGCATCCTGAGGATCCAGCAGGTAGTGCGAGGAGATTCGGCAGCTTATTTCTGTGCCAGCTCACCACCCAGTTCAGGGGGCCGTGGCGAACTATGGCTACACCTTCGGTTCGGGGACCAGGTTAACCGTTGTAG	NAGVMQNPRHLVRRRGQEARLRCSPMKGHSHVYWYRQLPEEGLKFMVYLQKENIIDESGMPKERFSAEFPKEGPSILRIQQVVRGDSAAYFCASSPPSSGGRGELWLHLRFGDQVNRC	TRBV18*01	TRBJ1-2*01	TRBD1*01
